overall_rank,gene,residue_pos,wt_aa,mut_aa,mutation,emergence_score,hotspot_score,mutation_score,fitness_score,resistance_score,evo_score,blosum62,charge_change,size_change,loss_of_hbond,delta_dG_proxy,inner_distance,is_transition,is_known_hotspot,is_known_resistance
1,embB,406,G,D,G406D,0.6251,0.9772,0.6397,-0.69,1.0346,1.0,-1,1,0.4595,1,1.2578,0,1,1,1
2,pncA,12,D,G,D12G,0.6204,0.9698,0.6397,-0.69,1.0346,1.0,-1,1,0.4595,1,1.2578,0,1,1,1
3,inhA,194,I,T,I194T,0.6163,0.9857,0.6253,-0.7269,1.0156,1.0,-1,0,0.3054,1,1.1316,100,1,0,0
4,inhA,194,I,V,I194V,0.6143,0.9857,0.6233,0.2791,0.2391,1.0,3,0,0.1617,0,-0.0415,100,1,0,0
5,katG,315,S,G,S315G,0.6136,0.9883,0.6208,-0.1389,0.5511,1.0,0,0,0.3258,1,0.1778,0,1,1,0
6,inhA,95,I,T,I95T,0.6128,0.9801,0.6253,-0.7269,1.0156,1.0,-1,0,0.3054,1,1.1316,100,1,0,0
7,inhA,21,I,T,I21T,0.6111,0.9777,0.625,-0.7269,1.0149,1.0,-1,0,0.3054,1,1.1316,100,1,0,0
8,inhA,95,I,V,I95V,0.6109,0.9801,0.6233,0.2791,0.2391,1.0,3,0,0.1617,0,-0.0415,100,1,0,0
9,inhA,21,I,V,I21V,0.6093,0.9777,0.6232,0.2791,0.2389,1.0,3,0,0.1617,0,-0.0415,100,1,0,0
10,embB,306,M,T,M306T,0.6081,0.9919,0.6131,-0.4644,0.775,1.0,-1,0,0.2883,1,0.6065,0,1,1,0
11,pncA,10,Q,R,Q10R,0.6073,0.9894,0.6138,-0.1649,0.548,1.0,1,1,0.1734,0,0.702,0,1,1,0
12,embB,406,G,S,G406S,0.6068,0.9772,0.621,-0.1389,0.5515,1.0,0,0,0.3258,1,0.1778,0,1,1,0
13,inhA,203,V,I,V203I,0.6056,0.9718,0.6232,0.2791,0.2389,1.0,3,0,0.1617,0,-0.0415,100,1,0,0
14,embB,497,Q,R,Q497R,0.6053,0.9861,0.6138,-0.1649,0.548,1.0,1,1,0.1734,0,0.702,0,1,1,1
15,inhA,16,I,T,I16T,0.6033,0.9648,0.6253,-0.7269,1.0156,1.0,-1,0,0.3054,1,1.1316,100,1,0,0
16,gyrA,90,A,T,A90T,0.6027,0.983,0.6131,-0.3349,0.6758,1.0,0,0,0.2328,1,0.5698,0,1,1,0
17,inhA,94,S,L,S94L,0.6019,0.9881,0.6092,-0.8023,1.0208,1.0,-2,0,0.4671,1,1.0601,100,1,0,0
18,inhA,16,I,V,I16V,0.6013,0.9648,0.6233,0.2791,0.2391,1.0,3,0,0.1617,0,-0.0415,100,1,0,0
19,rpsL,88,K,R,K88R,0.6,0.9915,0.6052,0.1579,0.2728,1.0,2,0,0.0289,0,0.0287,0,1,1,1
20,eis,59,V,I,V59I,0.5997,0.9622,0.6233,0.2791,0.2391,1.0,3,0,0.1617,0,-0.0415,100,1,0,0
21,inhA,103,M,T,M103T,0.5991,0.9769,0.6133,-0.4644,0.7755,1.0,-1,0,0.2883,1,0.6065,100,1,0,0
22,rpsL,43,K,R,K43R,0.5978,0.988,0.605,0.1579,0.2724,1.0,2,0,0.0289,0,0.0287,0,1,1,1
23,inhA,94,S,P,S94P,0.5973,0.9881,0.6045,-0.2789,0.6049,1.0,-1,0,0.2521,1,0.2356,100,1,0,0
24,pncA,125,V,I,V125I,0.5962,0.9565,0.6233,0.2791,0.2391,1.0,3,0,0.1617,0,-0.0415,0,1,1,0
25,gyrB,538,Q,R,Q538R,0.596,0.9712,0.6137,-0.1649,0.5476,1.0,1,1,0.1734,0,0.702,0,1,1,0
26,katG,315,S,N,S315N,0.5945,0.9883,0.6016,-0.1918,0.5287,1.0,1,0,0.2193,0,0.5558,0,1,1,1
27,embB,306,M,V,M306V,0.5933,0.9919,0.5982,-0.1401,0.478,1.0,1,0,0.1411,0,0.4523,0,1,1,1
28,inhA,99,P,S,P99S,0.5928,0.9809,0.6043,-0.2789,0.6045,1.0,-1,0,0.2521,1,0.2356,100,1,0,0
29,embB,306,M,I,M306I,0.5923,0.9919,0.5971,-0.1525,0.484,1.0,1,0,0.024,0,0.4772,0,1,1,1
30,pncA,4,L,S,L4S,0.5883,0.9658,0.6092,-0.8023,1.0208,1.0,-2,0,0.4671,1,1.0601,0,1,1,1
31,pncA,12,D,N,D12N,0.588,0.9698,0.6063,-0.0428,0.4301,1.0,1,1,0.0263,0,0.4579,0,1,1,0
32,inhA,103,M,V,M103V,0.5845,0.9769,0.5983,-0.1401,0.4783,1.0,1,0,0.1411,0,0.4523,100,1,0,0
33,gyrA,88,G,S,G88S,0.5837,0.9916,0.5887,-0.1389,0.4461,1.0,0,0,0.3258,1,0.1778,0,1,0,0
34,inhA,103,M,I,M103I,0.5834,0.9769,0.5972,-0.1525,0.4843,1.0,1,0,0.024,0,0.4772,100,1,0,0
35,gyrA,88,G,D,G88D,0.5742,0.9916,0.5791,-0.69,0.8368,1.0,-1,1,0.4595,1,1.2578,0,1,0,0
36,inhA,203,V,A,V203A,0.5699,0.9718,0.5865,-0.2946,0.5581,1.0,0,0,0.3643,0,0.5893,100,1,0,0
37,gyrA,90,A,V,A90V,0.565,0.983,0.5748,-0.2946,0.5199,1.0,0,0,0.3643,0,0.5893,0,1,1,1
38,eis,59,V,A,V59A,0.5644,0.9622,0.5866,-0.2946,0.5585,1.0,0,0,0.3643,0,0.5893,100,1,0,0
39,pncA,125,V,A,V125A,0.5611,0.9565,0.5866,-0.2946,0.5585,1.0,0,0,0.3643,0,0.5893,0,1,1,0
40,gyrA,94,D,N,D94N,0.5579,0.991,0.5629,-0.0428,0.2886,1.0,1,1,0.0263,0,0.4579,0,1,1,1
41,gyrA,91,S,P,S91P,0.5562,0.9878,0.5631,-0.2789,0.4699,1.0,-1,0,0.2521,1,0.2356,0,1,1,1
42,rpoB,491,I,V,I491V,0.5506,0.9699,0.5677,0.2791,0.0577,1.0,3,0,0.1617,0,-0.0415,39,1,1,0
43,rpsL,88,K,E,K88E,0.5437,0.9915,0.5483,-0.8112,0.8291,1.0,-4,2,0.1786,0,1.1336,0,1,1,0
44,rpsL,43,K,E,K43E,0.5414,0.988,0.5479,-0.8112,0.8278,1.0,-4,2,0.1786,0,1.1336,0,1,1,0
45,rpoB,435,D,N,D435N,0.5384,0.9696,0.5552,-0.0428,0.2634,1.0,1,1,0.0263,0,0.4579,0,1,1,0
46,inhA,99,P,L,P99L,0.5375,0.9809,0.5479,-0.9164,0.9084,1.0,-3,0,0.2874,0,1.1662,100,1,0,0
47,rpoB,170,V,I,V170I,0.5328,0.9686,0.55,0.2791,0.0,1.0,3,0,0.1617,0,-0.0415,256,1,1,0
48,gyrA,91,S,L,S91L,0.5328,0.9878,0.5393,-0.8023,0.7929,1.0,-2,0,0.4671,1,1.0601,0,1,1,0
49,gyrA,94,D,G,D94G,0.5306,0.991,0.5354,-0.69,0.6943,1.0,-1,1,0.4595,1,1.2578,0,1,1,1
50,rpoB,435,D,G,D435G,0.5012,0.9696,0.5169,-0.69,0.6337,1.0,-1,1,0.4595,1,1.2578,0,1,1,0
51,rpoB,445,H,R,H445R,0.4457,0.99,0.4502,-0.1473,0.0007,1.0,0,0,0.1156,0,0.2947,0,1,1,0
52,rpoB,445,H,Y,H445Y,0.4455,0.99,0.4499,-0.1489,0.001,1.0,2,1,0.2073,0,0.8422,0,1,1,1
53,inhA,203,V,D,V203D,0.437,0.9718,0.4497,-1.0,1.4675,0.4,-3,1,0.2071,1,2.1021,100,0,0,0
54,pncA,12,D,V,D12V,0.4364,0.9698,0.45,-1.0,1.4685,0.4,-3,1,0.2071,1,2.1021,0,0,1,0
55,eis,59,V,D,V59D,0.433,0.9622,0.45,-1.0,1.4685,0.4,-3,1,0.2071,1,2.1021,100,0,0,0
56,pncA,125,V,D,V125D,0.4304,0.9565,0.45,-1.0,1.4685,0.4,-3,1,0.2071,1,2.1021,0,0,1,0
57,rpoB,430,L,P,L430P,0.4225,0.9875,0.4279,-0.9164,0.5165,1.0,-3,0,0.2874,0,1.1662,0,1,1,1
58,rpoB,450,S,P,S450P,0.4153,0.9908,0.4191,-0.2789,0.0,1.0,-1,0,0.2521,1,0.2356,0,1,1,0
59,rpoB,483,P,S,P483S,0.4063,0.9694,0.4191,-0.2789,0.0,1.0,-1,0,0.2521,1,0.2356,31,1,0,0
60,inhA,194,I,N,I194N,0.4028,0.9857,0.4087,-1.0,1.3337,0.4,-3,0,0.3174,1,1.6952,100,0,0,0
61,rpoB,170,V,A,V170A,0.4024,0.9686,0.4154,-0.2946,0.0,1.0,0,0,0.3643,0,0.5893,256,1,1,0
62,inhA,95,I,N,I95N,0.4006,0.9801,0.4087,-1.0,1.3337,0.4,-3,0,0.3174,1,1.6952,100,0,0,0
63,inhA,21,I,N,I21N,0.3993,0.9777,0.4084,-1.0,1.3327,0.4,-3,0,0.3174,1,1.6952,100,0,0,0
64,inhA,16,I,N,I16N,0.3943,0.9648,0.4087,-1.0,1.3337,0.4,-3,0,0.3174,1,1.6952,100,0,0,0
65,embB,306,M,R,M306R,0.3927,0.9919,0.3959,-0.9598,1.2612,0.4,-1,1,0.0578,1,1.7973,0,0,1,0
66,rpsL,88,K,M,K88M,0.3898,0.9915,0.3932,-0.8956,1.2032,0.4,-1,1,0.0298,1,1.6689,0,0,1,0
67,embB,306,M,K,M306K,0.3895,0.9919,0.3926,-0.8956,1.2014,0.4,-1,1,0.0298,1,1.6689,0,0,1,0
68,rpsL,43,K,M,K43M,0.3879,0.988,0.3926,-0.8956,1.2014,0.4,-1,1,0.0298,1,1.6689,0,0,1,0
69,inhA,103,M,R,M103R,0.387,0.9769,0.3962,-0.9598,1.2621,0.4,-1,1,0.0578,1,1.7973,100,0,0,0
70,inhA,94,S,A,S94A,0.3862,0.9881,0.3908,-0.1989,0.6622,0.4,1,0,0.0,1,0.47,100,0,0,0
71,inhA,103,M,K,M103K,0.3838,0.9769,0.3929,-0.8956,1.2023,0.4,-1,1,0.0298,1,1.6689,100,0,0,0
72,rpoB,491,I,T,I491T,0.3775,0.9699,0.3892,-0.7269,0.2452,1.0,-1,0,0.3054,1,1.1316,39,1,1,0
73,embB,406,G,R,G406R,0.3727,0.9772,0.3814,-0.9302,1.1914,0.4,-2,1,0.6532,1,1.516,0,0,1,0
74,gyrA,90,A,S,A90S,0.3704,0.983,0.3768,-0.1989,0.6165,0.4,1,0,0.0,1,0.47,0,0,1,0
75,pncA,10,Q,E,Q10E,0.3693,0.9894,0.3732,0.067,0.4013,0.4,2,1,0.035,0,0.4105,0,0,1,0
76,embB,497,Q,E,Q497E,0.368,0.9861,0.3732,0.067,0.4013,0.4,2,1,0.035,0,0.4105,0,0,1,0
77,pncA,10,Q,L,Q10L,0.3662,0.9894,0.3701,-1.0,1.2079,0.4,-2,0,0.1437,1,1.5031,0,0,1,0
78,pncA,12,D,A,D12A,0.366,0.9698,0.3774,-0.982,1.2178,0.4,-2,1,0.1982,1,1.6195,0,0,1,0
79,gyrA,90,A,E,A90E,0.3653,0.983,0.3717,-0.8944,1.132,0.4,-1,1,0.3551,1,1.6665,0,0,1,0
80,embB,497,Q,L,Q497L,0.365,0.9861,0.3701,-1.0,1.2079,0.4,-2,0,0.1437,1,1.5031,0,0,1,0
81,gyrB,538,Q,E,Q538E,0.3624,0.9712,0.3731,0.067,0.401,0.4,2,1,0.035,0,0.4105,0,0,1,0
82,inhA,99,P,R,P99R,0.3618,0.9809,0.3688,-0.759,1.0191,0.4,-2,1,0.3121,1,1.1736,100,0,0,0
83,gyrB,538,Q,L,Q538L,0.3592,0.9712,0.3699,-1.0,1.207,0.4,-2,0,0.1437,1,1.5031,0,0,1,0
84,katG,315,S,I,S315I,0.3578,0.9883,0.362,-0.8723,1.0838,0.4,-2,0,0.4671,1,1.2001,0,0,1,1
85,embB,306,M,L,M306L,0.3578,0.9919,0.3607,0.0286,0.3899,0.4,2,0,0.024,0,0.2872,0,0,1,1
86,embB,306,M,L,M306L,0.3578,0.9919,0.3607,0.0286,0.3899,0.4,2,0,0.024,0,0.2872,0,0,1,1
87,rpsL,88,K,Q,K88Q,0.3576,0.9915,0.3607,-0.1012,0.4892,0.4,1,1,0.1488,0,0.5746,0,0,1,0
88,inhA,194,I,S,I194S,0.3571,0.9857,0.3623,-0.8723,1.0846,0.4,-2,0,0.4671,1,1.2001,100,0,0,0
89,pncA,10,Q,K,Q10K,0.3568,0.9894,0.3606,-0.1012,0.4889,0.4,1,1,0.1488,0,0.5746,0,0,1,0
90,rpsL,43,K,Q,K43Q,0.3562,0.988,0.3605,-0.1012,0.4885,0.4,1,1,0.1488,0,0.5746,0,0,1,0
91,embB,497,Q,K,Q497K,0.3556,0.9861,0.3606,-0.1012,0.4889,0.4,1,1,0.1488,0,0.5746,0,0,1,0
92,inhA,95,I,S,I95S,0.3551,0.9801,0.3623,-0.8723,1.0846,0.4,-2,0,0.4671,1,1.2001,100,0,0,0
93,inhA,21,I,S,I21S,0.354,0.9777,0.362,-0.8723,1.0838,0.4,-2,0,0.4671,1,1.2001,100,0,0,0
94,pncA,10,Q,P,Q10P,0.3539,0.9894,0.3577,-0.3763,0.6898,0.4,-1,0,0.1678,1,0.4303,0,0,1,1
95,embB,497,Q,P,Q497P,0.3527,0.9861,0.3577,-0.3763,0.6898,0.4,-1,0,0.1678,1,0.4303,0,0,1,0
96,inhA,103,M,L,M103L,0.3525,0.9769,0.3608,0.0286,0.3902,0.4,2,0,0.024,0,0.2872,100,0,0,0
97,inhA,103,M,L,M103L,0.3525,0.9769,0.3608,0.0286,0.3902,0.4,2,0,0.024,0,0.2872,100,0,0,0
98,inhA,99,P,Q,P99Q,0.3507,0.9809,0.3575,-0.3763,0.6893,0.4,-1,0,0.1678,1,0.4303,100,0,0,0
99,gyrB,538,Q,K,Q538K,0.3501,0.9712,0.3605,-0.1012,0.4885,0.4,1,1,0.1488,0,0.5746,0,0,1,0
100,inhA,194,I,L,I194L,0.3499,0.9857,0.355,0.1522,0.2764,0.4,2,0,0.0,0,0.04,100,0,0,0
101,inhA,16,I,S,I16S,0.3495,0.9648,0.3623,-0.8723,1.0846,0.4,-2,0,0.4671,1,1.2001,100,0,0,0
102,pncA,4,L,M,L4M,0.3485,0.9658,0.3608,0.0286,0.3902,0.4,2,0,0.024,0,0.2872,0,0,1,0
103,inhA,95,I,L,I95L,0.3479,0.9801,0.355,0.1522,0.2764,0.4,2,0,0.0,0,0.04,100,0,0,0
104,gyrB,538,Q,P,Q538P,0.3472,0.9712,0.3575,-0.3763,0.6893,0.4,-1,0,0.1678,1,0.4303,0,0,1,0
105,inhA,21,I,L,I21L,0.347,0.9777,0.3549,0.1522,0.2762,0.4,2,0,0.0,0,0.04,100,0,0,0
106,pncA,12,D,E,D12E,0.3451,0.9698,0.3559,0.1929,0.2483,0.4,2,0,0.1957,0,-0.0413,0,0,1,0
107,pncA,12,D,E,D12E,0.3451,0.9698,0.3559,0.1929,0.2483,0.4,2,0,0.1957,0,-0.0413,0,0,1,0
108,rpsL,88,K,N,K88N,0.3446,0.9915,0.3475,-0.2382,0.5511,0.4,0,1,0.3214,0,0.6764,0,0,1,0
109,rpsL,88,K,N,K88N,0.3446,0.9915,0.3475,-0.2382,0.5511,0.4,0,1,0.3214,0,0.6764,0,0,1,0
110,katG,315,S,R,S315R,0.3445,0.9883,0.3486,-0.7039,0.9111,0.4,-1,1,0.4855,0,1.3857,0,0,1,0
111,katG,315,S,R,S315R,0.3445,0.9883,0.3486,-0.7039,0.9111,0.4,-1,1,0.4855,0,1.3857,0,0,1,0
112,katG,315,S,R,S315R,0.3445,0.9883,0.3486,-0.7039,0.9111,0.4,-1,1,0.4855,0,1.3857,0,0,1,0
113,embB,306,M,I,M306I,0.3443,0.9919,0.3471,-0.1525,0.484,0.4,1,0,0.024,0,0.4772,0,0,1,1
114,embB,306,M,I,M306I,0.3443,0.9919,0.3471,-0.1525,0.484,0.4,1,0,0.024,0,0.4772,0,0,1,1
115,inhA,99,P,T,P99T,0.3434,0.9809,0.3501,-0.2549,0.5722,0.4,-1,0,0.0252,1,0.1876,100,0,0,0
116,pncA,4,L,W,L4W,0.3433,0.9658,0.3555,-0.7824,0.9935,0.4,-2,0,0.2675,1,1.0203,0,0,1,0
117,rpsL,43,K,N,K43N,0.3431,0.988,0.3473,-0.2382,0.5503,0.4,0,1,0.3214,0,0.6764,0,0,1,0
118,rpsL,43,K,N,K43N,0.3431,0.988,0.3473,-0.2382,0.5503,0.4,0,1,0.3214,0,0.6764,0,0,1,0
119,inhA,16,I,L,I16L,0.3425,0.9648,0.355,0.1522,0.2764,0.4,2,0,0.0,0,0.04,100,0,0,0
120,inhA,194,I,M,I194M,0.3422,0.9857,0.3472,-0.1525,0.4843,0.4,1,0,0.024,0,0.4772,100,0,0,0
121,gyrA,91,S,A,S91A,0.3413,0.9878,0.3455,-0.1989,0.5144,0.4,1,0,0.0,1,0.47,0,0,1,0
122,inhA,95,I,M,I95M,0.3403,0.9801,0.3472,-0.1525,0.4843,0.4,1,0,0.024,0,0.4772,100,0,0,0
123,rpsL,88,K,T,K88T,0.3402,0.9915,0.3431,-0.6275,0.8347,0.4,-1,1,0.3095,0,1.2329,0,0,1,0
124,pncA,12,D,H,D12H,0.3394,0.9698,0.3499,-0.4823,0.7457,0.4,-1,2,0.2745,0,1.1424,0,0,1,0
125,inhA,21,I,M,I21M,0.3393,0.9777,0.3471,-0.1525,0.484,0.4,1,0,0.024,0,0.4772,100,0,0,0
126,inhA,103,M,I,M103I,0.3392,0.9769,0.3472,-0.1525,0.4843,0.4,1,0,0.024,0,0.4772,100,0,0,0
127,inhA,103,M,I,M103I,0.3392,0.9769,0.3472,-0.1525,0.4843,0.4,1,0,0.024,0,0.4772,100,0,0,0
128,rpsL,43,K,T,K43T,0.3386,0.988,0.3428,-0.6275,0.8335,0.4,-1,1,0.3095,0,1.2329,0,0,1,0
129,pncA,10,Q,H,Q10H,0.3381,0.9894,0.3417,-0.1898,0.4949,0.4,0,1,0.0654,0,0.5796,0,0,1,0
130,pncA,10,Q,H,Q10H,0.3381,0.9894,0.3417,-0.1898,0.4949,0.4,0,1,0.0654,0,0.5796,0,0,1,0
131,embB,497,Q,H,Q497H,0.3369,0.9861,0.3417,-0.1898,0.4949,0.4,0,1,0.0654,0,0.5796,0,0,1,0
132,embB,497,Q,H,Q497H,0.3369,0.9861,0.3417,-0.1898,0.4949,0.4,0,1,0.0654,0,0.5796,0,0,1,0
133,katG,315,S,T,S315T,0.3363,0.9883,0.3403,0.0662,0.2943,0.4,1,0,0.2328,0,0.0398,0,0,1,1
134,inhA,94,S,T,S94T,0.3363,0.9881,0.3403,0.0662,0.2946,0.4,1,0,0.2328,0,0.0398,100,0,0,0
135,inhA,16,I,M,I16M,0.335,0.9648,0.3472,-0.1525,0.4843,0.4,1,0,0.024,0,0.4772,100,0,0,0
136,gyrB,538,Q,H,Q538H,0.3317,0.9712,0.3416,-0.1898,0.4946,0.4,0,1,0.0654,0,0.5796,0,0,1,0
137,gyrB,538,Q,H,Q538H,0.3317,0.9712,0.3416,-0.1898,0.4946,0.4,0,1,0.0654,0,0.5796,0,0,1,0
138,inhA,203,V,L,V203L,0.3305,0.9718,0.3401,0.0469,0.3087,0.4,1,0,0.1617,0,0.0785,100,0,0,0
139,pncA,4,L,V,L4V,0.3286,0.9658,0.3402,0.0469,0.3089,0.4,1,0,0.1617,0,0.0785,0,0,1,0
140,gyrA,94,D,E,D94E,0.3279,0.991,0.3308,0.1929,0.1666,0.4,2,0,0.1957,0,-0.0413,0,0,1,0
141,gyrA,94,D,E,D94E,0.3279,0.991,0.3308,0.1929,0.1666,0.4,2,0,0.1957,0,-0.0413,0,0,1,0
142,eis,59,V,L,V59L,0.3273,0.9622,0.3402,0.0469,0.3089,0.4,1,0,0.1617,0,0.0785,100,0,0,0
143,embB,406,G,A,G406A,0.3272,0.9772,0.3349,-0.2689,0.5333,0.4,0,0,0.3258,0,0.5378,0,0,1,1
144,pncA,125,V,L,V125L,0.3254,0.9565,0.3402,0.0469,0.3089,0.4,1,0,0.1617,0,0.0785,0,0,1,0
145,inhA,194,I,F,I194F,0.3237,0.9857,0.3284,-0.1882,0.4504,0.4,0,0,0.1211,0,0.3763,100,0,0,0
146,inhA,95,I,F,I95F,0.3219,0.9801,0.3284,-0.1882,0.4504,0.4,0,0,0.1211,0,0.3763,100,0,0,0
147,inhA,21,I,F,I21F,0.321,0.9777,0.3283,-0.1882,0.4501,0.4,0,0,0.1211,0,0.3763,100,0,0,0
148,gyrA,90,A,G,A90G,0.3181,0.983,0.3236,-0.2689,0.4964,0.4,0,0,0.3258,0,0.5378,0,0,1,0
149,inhA,16,I,F,I16F,0.3169,0.9648,0.3284,-0.1882,0.4504,0.4,0,0,0.1211,0,0.3763,100,0,0,0
150,rpoB,435,D,E,D435E,0.3165,0.9696,0.3264,0.1929,0.1521,0.4,2,0,0.1957,0,-0.0413,0,0,1,0
151,rpoB,435,D,E,D435E,0.3165,0.9696,0.3264,0.1929,0.1521,0.4,2,0,0.1957,0,-0.0413,0,0,1,0
152,gyrA,91,S,T,S91T,0.3163,0.9878,0.3202,0.0662,0.2288,0.4,1,0,0.2328,0,0.0398,0,0,1,0
153,inhA,99,P,A,P99A,0.3157,0.9809,0.3218,-0.4889,0.6591,0.4,-1,0,0.2521,0,0.7556,100,0,0,0
154,pncA,4,L,F,L4F,0.3142,0.9658,0.3253,-0.1182,0.3866,0.4,0,0,0.1211,0,0.2363,0,0,1,0
155,pncA,4,L,F,L4F,0.3142,0.9658,0.3253,-0.1182,0.3866,0.4,0,0,0.1211,0,0.2363,0,0,1,0
156,embB,406,G,C,G406C,0.3104,0.9772,0.3177,-0.8519,0.9234,0.4,-4,0,0.4495,1,0.7149,0,0,1,0
157,gyrA,88,G,R,G88R,0.309,0.9916,0.3116,-0.9302,0.9636,0.4,-2,1,0.6532,1,1.516,0,0,0,0
158,rpoB,430,L,M,L430M,0.3053,0.9875,0.3092,0.0286,0.2217,0.4,2,0,0.024,0,0.2872,0,0,1,0
159,inhA,203,V,F,V203F,0.3043,0.9718,0.3132,-0.2906,0.479,0.4,-1,0,0.2632,0,0.3589,100,0,0,0
160,gyrA,90,A,P,A90P,0.3028,0.983,0.308,-0.4889,0.614,0.4,-1,0,0.2521,0,0.7556,0,0,1,0
161,eis,59,V,F,V59F,0.3014,0.9622,0.3133,-0.2906,0.4793,0.4,-1,0,0.2632,0,0.3589,100,0,0,0
162,gyrA,88,G,A,G88A,0.3011,0.9916,0.3037,-0.2689,0.4313,0.4,0,0,0.3258,0,0.5378,0,0,0,0
163,pncA,125,V,F,V125F,0.2997,0.9565,0.3133,-0.2906,0.4793,0.4,-1,0,0.2632,0,0.3589,0,0,1,0
164,gyrA,94,D,V,D94V,0.2993,0.991,0.302,-1.0,0.9855,0.4,-3,1,0.2071,1,2.1021,0,0,1,0
165,pncA,12,D,Y,D12Y,0.2981,0.9698,0.3074,-0.7671,0.8247,0.4,-3,1,0.4249,0,1.0675,0,0,1,0
166,rpoB,430,L,V,L430V,0.2956,0.9875,0.2993,0.0469,0.1755,0.4,1,0,0.1617,0,0.0785,0,0,1,0
167,rpoB,450,S,L,S450L,0.2936,0.9908,0.2964,-0.8023,0.0,1.0,-2,0,0.4671,1,1.0601,0,1,1,1
168,embB,406,G,V,G406V,0.2936,0.9772,0.3004,-0.879,0.8879,0.4,-3,0,0.5714,0,1.0914,0,0,1,0
169,inhA,203,V,G,V203G,0.2918,0.9718,0.3002,-0.879,0.8872,0.4,-3,0,0.5714,0,1.0914,100,0,0,0
170,eis,59,V,G,V59G,0.2891,0.9622,0.3004,-0.879,0.8879,0.4,-3,0,0.5714,0,1.0914,100,0,0,0
171,pncA,125,V,G,V125G,0.2874,0.9565,0.3004,-0.879,0.8879,0.4,-3,0,0.5714,0,1.0914,0,0,1,1
172,rpoB,491,I,L,I491L,0.2819,0.9699,0.2907,0.1522,0.0667,0.4,2,0,0.0,0,0.04,39,0,1,0
173,inhA,94,S,W,S94W,0.2778,0.9881,0.2811,-0.4348,0.4848,0.4,-3,0,0.6096,0,0.2029,100,0,0,0
174,gyrA,94,D,H,D94H,0.2723,0.991,0.2748,-0.4823,0.5004,0.4,-1,2,0.2745,0,1.1424,0,0,1,0
175,rpoB,435,D,V,D435V,0.2673,0.9696,0.2756,-1.0,0.8995,0.4,-3,1,0.2071,1,2.1021,0,0,1,1
176,katG,315,S,C,S315C,0.2665,0.9883,0.2697,-0.802,0.7286,0.4,-4,0,0.1835,0,0.715,0,0,1,0
177,gyrA,88,G,C,G88C,0.2614,0.9916,0.2636,-0.8519,0.7469,0.4,-4,0,0.4495,1,0.7149,0,0,0,0
178,rpoB,483,P,L,P483L,0.2614,0.9694,0.2696,-0.9164,0.0,1.0,-3,0,0.2874,0,1.1662,31,1,0,0
179,rpoB,452,L,P,L452P,0.2603,0.9655,0.2696,-0.9164,0.0,1.0,-3,0,0.2874,0,1.1662,0,1,1,1
180,rpoB,435,D,H,D435H,0.2534,0.9696,0.2614,-0.4823,0.4567,0.4,-1,2,0.2745,0,1.1424,0,0,1,0
181,gyrA,94,D,A,D94A,0.2524,0.991,0.2547,-0.982,0.8173,0.4,-2,1,0.1982,1,1.6195,0,0,1,0
182,rpoB,430,L,R,L430R,0.2512,0.9875,0.2544,-1.0,0.8303,0.4,-2,1,0.0347,1,2.1704,0,0,1,0
183,rpoB,450,S,T,S450T,0.2478,0.9908,0.2501,0.0662,0.0,0.4,1,0,0.2328,0,0.0398,0,0,1,0
184,gyrA,88,G,V,G88V,0.2463,0.9916,0.2484,-0.879,0.7182,0.4,-3,0,0.5714,0,1.0914,0,0,0,0
185,gyrA,91,S,W,S91W,0.2449,0.9878,0.248,-0.4348,0.3766,0.4,-3,0,0.6096,0,0.2029,0,0,1,0
186,rpoB,170,V,L,V170L,0.2378,0.9686,0.2455,0.0469,0.0,0.4,1,0,0.1617,0,0.0785,256,0,1,0
187,rpoB,452,L,V,L452V,0.2371,0.9655,0.2455,0.0469,0.0,0.4,1,0,0.1617,0,0.0785,0,0,1,0
188,rpoB,452,L,M,L452M,0.2329,0.9655,0.2413,0.0286,0.0,0.4,2,0,0.024,0,0.2872,0,0,1,0
189,rpoB,491,I,M,I491M,0.2275,0.9699,0.2346,-0.1525,0.1169,0.4,1,0,0.024,0,0.4772,39,0,1,0
190,rpoB,435,D,A,D435A,0.2257,0.9696,0.2328,-0.982,0.7459,0.4,-2,1,0.1982,1,1.6195,0,0,1,0
191,gyrA,94,D,Y,D94Y,0.2222,0.991,0.2242,-0.7671,0.5535,0.4,-3,1,0.4249,0,1.0675,0,0,1,1
192,rpoB,491,I,F,I491F,0.217,0.9699,0.2237,-0.1882,0.1087,0.4,0,0,0.1211,0,0.3763,39,0,1,1
193,rpoB,430,L,Q,L430Q,0.2076,0.9875,0.2103,-1.0,0.6862,0.4,-2,0,0.1437,1,1.5031,0,0,1,0
194,rpoB,445,H,N,H445N,0.2076,0.99,0.2097,-0.1071,0.0009,0.4,1,1,0.2549,0,0.5865,0,0,1,0
195,rpoB,435,D,Y,D435Y,0.2031,0.9696,0.2094,-0.7671,0.5052,0.4,-3,1,0.4249,0,1.0675,0,0,1,1
196,rpoB,445,H,Q,H445Q,0.1884,0.99,0.1903,-0.1898,0.0009,0.4,0,1,0.0654,0,0.5796,0,0,1,0
197,rpoB,445,H,Q,H445Q,0.1884,0.99,0.1903,-0.1898,0.0009,0.4,0,1,0.0654,0,0.5796,0,0,1,0
198,rpoB,450,S,A,S450A,0.1862,0.9908,0.1879,-0.1989,0.0,0.4,1,0,0.0,1,0.47,0,0,1,0
199,rpoB,483,P,T,P483T,0.1694,0.9694,0.1748,-0.2549,0.0,0.4,-1,0,0.0252,1,0.1876,31,0,0,0
200,rpoB,170,V,F,V170F,0.1612,0.9686,0.1664,-0.2906,0.0,0.4,-1,0,0.2632,0,0.3589,256,0,1,1
201,rpoB,450,S,W,S450W,0.1313,0.9908,0.1326,-0.4348,0.0,0.4,-3,0,0.6096,0,0.2029,0,0,1,1
202,rpoB,445,H,D,H445D,0.1206,0.99,0.1218,-0.4823,0.0013,0.4,-1,2,0.2745,0,1.1424,0,0,1,1
203,rpoB,483,P,A,P483A,0.1162,0.9694,0.1199,-0.4889,0.0,0.4,-1,0,0.2521,0,0.7556,31,0,0,0
204,rpoB,491,I,S,I491S,0.1069,0.9699,0.1102,-0.8723,0.2618,0.4,-2,0,0.4671,1,1.2001,39,0,1,0
205,rpoB,491,I,N,I491N,0.0957,0.9699,0.0987,-1.0,0.322,0.4,-3,0,0.3174,1,1.6952,39,0,1,0
206,rpoB,445,H,P,H445P,0.0897,0.99,0.0906,-0.6156,0.0015,0.4,-2,1,0.2222,1,0.8867,0,0,1,0
207,rpoB,483,P,H,P483H,0.0874,0.9694,0.0902,-0.6156,0.0,0.4,-2,1,0.2222,1,0.8867,31,0,0,0
208,pncA,8,D,G,D8G,0.0737,0.1152,0.6397,-0.69,1.0346,1.0,-1,1,0.4595,1,1.2578,0,1,0,0
209,pncA,8,D,N,D8N,0.0699,0.1152,0.6063,-0.0428,0.4301,1.0,1,1,0.0263,0,0.4579,0,1,0,0
210,pncA,67,S,L,S67L,0.0675,0.1109,0.6092,-0.8023,1.0208,1.0,-2,0,0.4671,1,1.0601,0,1,0,0
211,pncA,67,S,P,S67P,0.067,0.1109,0.6045,-0.2789,0.6049,1.0,-1,0,0.2521,1,0.2356,0,1,0,0
212,mmpR5,16,I,T,I16T,0.0658,0.1052,0.6253,-0.7269,1.0156,1.0,-1,0,0.3054,1,1.1316,100,1,0,0
213,mmpR5,16,I,V,I16V,0.0656,0.1052,0.6233,0.2791,0.2391,1.0,3,0,0.1617,0,-0.0415,100,1,0,0
214,pncA,21,V,I,V21I,0.0652,0.1046,0.6233,0.2791,0.2391,1.0,3,0,0.1617,0,-0.0415,0,1,0,0
215,eis,87,V,M,V87M,0.0631,0.1054,0.5983,-0.1401,0.4783,1.0,1,0,0.1411,0,0.4523,100,1,0,0
216,pncA,13,F,S,F13S,0.0622,0.1026,0.606,-0.712,0.9414,1.0,-2,0,0.5316,1,0.8795,0,1,0,0
217,eis,87,V,A,V87A,0.0618,0.1054,0.5866,-0.2946,0.5585,1.0,0,0,0.3643,0,0.5893,100,1,0,0
218,pncA,21,V,A,V21A,0.0613,0.1046,0.5866,-0.2946,0.5585,1.0,0,0,0.3643,0,0.5893,0,1,0,0
219,pncA,20,A,T,A20T,0.0608,0.0968,0.6284,-0.3349,0.7259,1.0,0,0,0.2328,1,0.5698,0,1,0,0
220,pncA,13,F,L,F13L,0.059,0.1026,0.5753,-0.1182,0.3866,1.0,0,0,0.1211,0,0.2363,0,1,0,0
221,inhA,202,I,T,I202T,0.0585,0.0935,0.625,-0.7269,1.0149,1.0,-1,0,0.3054,1,1.1316,100,1,0,0
222,inhA,202,I,V,I202V,0.0583,0.0935,0.6232,0.2791,0.2389,1.0,3,0,0.1617,0,-0.0415,100,1,0,0
223,eis,58,V,M,V58M,0.0581,0.097,0.5983,-0.1401,0.4783,1.0,1,0,0.1411,0,0.4523,100,1,0,0
224,eis,58,V,A,V58A,0.0569,0.097,0.5866,-0.2946,0.5585,1.0,0,0,0.3643,0,0.5893,100,1,0,0
225,pncA,20,A,V,A20V,0.0568,0.0968,0.5866,-0.2946,0.5585,1.0,0,0,0.3643,0,0.5893,0,1,0,0
226,rpoB,483,P,R,P483R,0.0548,0.9694,0.0565,-0.759,0.0,0.4,-2,1,0.3121,1,1.1736,31,0,0,0
227,pncA,8,D,V,D8V,0.0519,0.1152,0.45,-1.0,1.4685,0.4,-3,1,0.2071,1,2.1021,0,0,0,0
228,gyrA,36,I,V,I36V,0.0512,0.0931,0.55,0.2791,0.0,1.0,3,0,0.1617,0,-0.0415,38,1,0,0
229,embB,49,V,I,V49I,0.0505,0.0811,0.6233,0.2791,0.2391,1.0,3,0,0.1617,0,-0.0415,246,1,0,0
230,embB,49,V,A,V49A,0.0476,0.0811,0.5866,-0.2946,0.5585,1.0,0,0,0.3643,0,0.5893,246,1,0,0
231,eis,87,V,E,V87E,0.0473,0.1054,0.4485,-1.0,1.4638,0.4,-4,1,0.0143,1,2.0443,100,0,0,0
232,pncA,21,V,E,V21E,0.0469,0.1046,0.4485,-1.0,1.4638,0.4,-4,1,0.0143,1,2.0443,0,0,0,0
233,inhA,105,I,T,I105T,0.0455,0.0728,0.625,-0.7269,1.0149,1.0,-1,0,0.3054,1,1.1316,100,1,0,0
234,inhA,105,I,V,I105V,0.0454,0.0728,0.6232,0.2791,0.2389,1.0,3,0,0.1617,0,-0.0415,100,1,0,0
235,pncA,13,F,Y,F13Y,0.0443,0.1026,0.4314,-0.129,0.741,0.4,3,0,0.0155,1,0.6747,0,0,0,0
236,eis,58,V,E,V58E,0.0435,0.097,0.4485,-1.0,1.4638,0.4,-4,1,0.0143,1,2.0443,100,0,0,0
237,pncA,8,D,A,D8A,0.0435,0.1152,0.3774,-0.982,1.2178,0.4,-2,1,0.1982,1,1.6195,0,0,0,0
238,pncA,67,S,A,S67A,0.0433,0.1109,0.3908,-0.1989,0.6622,0.4,1,0,0.0,1,0.47,0,0,0,0
239,mmpR5,16,I,N,I16N,0.043,0.1052,0.4087,-1.0,1.3337,0.4,-3,0,0.3174,1,1.6952,100,0,0,0
240,pncA,8,D,E,D8E,0.041,0.1152,0.3559,0.1929,0.2483,0.4,2,0,0.1957,0,-0.0413,0,0,0,0
241,pncA,8,D,E,D8E,0.041,0.1152,0.3559,0.1929,0.2483,0.4,2,0,0.1957,0,-0.0413,0,0,0,0
242,pncA,8,D,H,D8H,0.0403,0.1152,0.3499,-0.4823,0.7457,0.4,-1,2,0.2745,0,1.1424,0,0,0,0
243,pncA,57,H,Y,H57Y,0.0389,0.0613,0.6351,-0.1489,0.6054,1.0,2,1,0.2073,0,0.8422,0,1,0,0
244,pncA,20,A,E,A20E,0.0385,0.0968,0.3974,-0.8944,1.216,0.4,-1,1,0.3551,1,1.6665,0,0,0,0
245,inhA,202,I,N,I202N,0.0382,0.0935,0.4084,-1.0,1.3327,0.4,-3,0,0.3174,1,1.6952,100,0,0,0
246,mmpR5,16,I,S,I16S,0.0381,0.1052,0.3623,-0.8723,1.0846,0.4,-2,0,0.4671,1,1.2001,100,0,0,0
247,pncA,20,A,S,A20S,0.0378,0.0968,0.3908,-0.1989,0.6622,0.4,1,0,0.0,1,0.47,0,0,0,0
248,pncA,67,S,T,S67T,0.0377,0.1109,0.3403,0.0662,0.2946,0.4,1,0,0.2328,0,0.0398,0,0,0,0
249,mmpR5,16,I,L,I16L,0.0373,0.1052,0.355,0.1522,0.2764,0.4,2,0,0.0,0,0.04,100,0,0,0
250,mmpR5,16,I,M,I16M,0.0365,0.1052,0.3472,-0.1525,0.4843,0.4,1,0,0.024,0,0.4772,100,0,0,0
251,embB,49,V,D,V49D,0.0365,0.0811,0.45,-1.0,1.4685,0.4,-3,1,0.2071,1,2.1021,246,0,0,0
252,eis,87,V,L,V87L,0.0359,0.1054,0.3402,0.0469,0.3089,0.4,1,0,0.1617,0,0.0785,100,0,0,0
253,eis,87,V,L,V87L,0.0359,0.1054,0.3402,0.0469,0.3089,0.4,1,0,0.1617,0,0.0785,100,0,0,0
254,pncA,21,V,L,V21L,0.0356,0.1046,0.3402,0.0469,0.3089,0.4,1,0,0.1617,0,0.0785,0,0,0,0
255,pncA,21,V,L,V21L,0.0356,0.1046,0.3402,0.0469,0.3089,0.4,1,0,0.1617,0,0.0785,0,0,0,0
256,pncA,8,D,Y,D8Y,0.0354,0.1152,0.3074,-0.7671,0.8247,0.4,-3,1,0.4249,0,1.0675,0,0,0,0
257,pncA,57,H,R,H57R,0.0353,0.0613,0.5764,-0.1473,0.4126,1.0,0,0,0.1156,0,0.2947,0,1,0,0
258,rpoB,446,K,R,K446R,0.0349,0.0669,0.5216,0.1579,0.0,1.0,2,0,0.0289,0,0.0287,0,1,0,0
259,embB,297,S,P,S297P,0.0347,0.0594,0.5831,-0.2789,0.535,1.0,-1,0,0.2521,1,0.2356,0,1,0,0
260,mmpR5,16,I,F,I16F,0.0345,0.1052,0.3284,-0.1882,0.4504,0.4,0,0,0.1211,0,0.3763,100,0,0,0
261,embB,297,S,L,S297L,0.0341,0.0594,0.573,-0.8023,0.9028,1.0,-2,0,0.4671,1,1.0601,0,1,0,0
262,inhA,202,I,S,I202S,0.0339,0.0935,0.362,-0.8723,1.0838,0.4,-2,0,0.4671,1,1.2001,100,0,0,0
263,eis,125,I,T,I125T,0.0338,0.054,0.625,-0.7269,1.0149,1.0,-1,0,0.3054,1,1.1316,100,1,0,0
264,pncA,13,F,I,F13I,0.0337,0.1026,0.3284,-0.1882,0.4504,0.4,0,0,0.1211,0,0.3763,0,0,0,0
265,eis,125,I,V,I125V,0.0337,0.054,0.6232,0.2791,0.2389,1.0,3,0,0.1617,0,-0.0415,100,1,0,0
266,pncA,13,F,L,F13L,0.0334,0.1026,0.3253,-0.1182,0.3866,0.4,0,0,0.1211,0,0.2363,0,0,0,0
267,pncA,13,F,L,F13L,0.0334,0.1026,0.3253,-0.1182,0.3866,0.4,0,0,0.1211,0,0.2363,0,0,0,0
268,inhA,202,I,L,I202L,0.0332,0.0935,0.3549,0.1522,0.2762,0.4,2,0,0.0,0,0.04,100,0,0,0
269,eis,58,V,L,V58L,0.033,0.097,0.3402,0.0469,0.3089,0.4,1,0,0.1617,0,0.0785,100,0,0,0
270,eis,58,V,L,V58L,0.033,0.097,0.3402,0.0469,0.3089,0.4,1,0,0.1617,0,0.0785,100,0,0,0
271,inhA,202,I,M,I202M,0.0325,0.0935,0.3471,-0.1525,0.484,0.4,1,0,0.024,0,0.4772,100,0,0,0
272,pncA,20,A,G,A20G,0.0324,0.0968,0.3349,-0.2689,0.5333,0.4,0,0,0.3258,0,0.5378,0,0,0,0
273,pncA,13,F,V,F13V,0.0321,0.1026,0.3133,-0.2906,0.4793,0.4,-1,0,0.2632,0,0.3589,0,0,0,0
274,eis,87,V,G,V87G,0.0317,0.1054,0.3004,-0.879,0.8879,0.4,-3,0,0.5714,0,1.0914,100,0,0,0
275,pncA,21,V,G,V21G,0.0314,0.1046,0.3004,-0.879,0.8879,0.4,-3,0,0.5714,0,1.0914,0,0,0,0
276,pncA,13,F,C,F13C,0.0314,0.1026,0.3056,-0.5884,0.6822,0.4,-4,0,0.4263,1,0.1879,0,0,0,0
277,pncA,67,S,W,S67W,0.0312,0.1109,0.2811,-0.4348,0.4848,0.4,-3,0,0.6096,0,0.2029,0,0,0,0
278,pncA,20,A,P,A20P,0.0312,0.0968,0.322,-0.4889,0.6596,0.4,-1,0,0.2521,0,0.7556,0,0,0,0
279,inhA,202,I,F,I202F,0.0307,0.0935,0.3283,-0.1882,0.4501,0.4,0,0,0.1211,0,0.3763,100,0,0,0
280,inhA,105,I,N,I105N,0.0297,0.0728,0.4084,-1.0,1.3327,0.4,-3,0,0.3174,1,1.6952,100,0,0,0
281,gyrA,36,I,T,I36T,0.0293,0.0931,0.314,-0.7269,0.0,1.0,-1,0,0.3054,1,1.1316,38,1,0,0
282,eis,58,V,G,V58G,0.0292,0.097,0.3004,-0.879,0.8879,0.4,-3,0,0.5714,0,1.0914,100,0,0,0
283,embB,304,L,P,L304P,0.0289,0.0527,0.5479,-0.9164,0.9084,1.0,-3,0,0.2874,0,1.1662,0,1,0,0
284,rpoB,449,L,P,L449P,0.0283,0.1052,0.2696,-0.9164,0.0,1.0,-3,0,0.2874,0,1.1662,0,1,0,0
285,embB,49,V,L,V49L,0.0276,0.0811,0.3402,0.0469,0.3089,0.4,1,0,0.1617,0,0.0785,246,0,0,0
286,rpoB,170,V,G,V170G,0.0275,0.9686,0.0284,-0.879,0.0,0.4,-3,0,0.5714,0,1.0914,256,0,1,0
287,inhA,105,I,S,I105S,0.0264,0.0728,0.362,-0.8723,1.0838,0.4,-2,0,0.4671,1,1.2001,100,0,0,0
288,pncA,57,H,L,H57L,0.0259,0.0613,0.4233,-1.0,1.3813,0.4,-3,1,0.0838,1,1.9251,0,0,0,0
289,inhA,105,I,L,I105L,0.0259,0.0728,0.3549,0.1522,0.2762,0.4,2,0,0.0,0,0.04,100,0,0,0
290,rpoB,449,L,V,L449V,0.0258,0.1052,0.2455,0.0469,0.0,0.4,1,0,0.1617,0,0.0785,0,0,0,0
291,embB,49,V,F,V49F,0.0254,0.0811,0.3133,-0.2906,0.4793,0.4,-1,0,0.2632,0,0.3589,246,0,0,0
292,rpoB,449,L,M,L449M,0.0254,0.1052,0.2413,0.0286,0.0,0.4,2,0,0.024,0,0.2872,0,0,0,0
293,inhA,105,I,M,I105M,0.0253,0.0728,0.3471,-0.1525,0.484,0.4,1,0,0.024,0,0.4772,100,0,0,0
294,gyrA,36,I,L,I36L,0.0252,0.0931,0.2702,0.1522,0.0,0.4,2,0,0.0,0,0.04,38,0,0,0
295,embB,49,V,G,V49G,0.0244,0.0811,0.3004,-0.879,0.8879,0.4,-3,0,0.5714,0,1.0914,246,0,0,0
296,inhA,105,I,F,I105F,0.0239,0.0728,0.3283,-0.1882,0.4501,0.4,0,0,0.1211,0,0.3763,100,0,0,0
297,embB,304,L,R,L304R,0.0236,0.0527,0.4475,-1.0,1.4603,0.4,-2,1,0.0347,1,2.1704,0,0,0,0
298,pncA,57,H,N,H57N,0.0222,0.0613,0.3622,-0.1071,0.4987,0.4,1,1,0.2549,0,0.5865,0,0,0,0
299,pncA,57,H,P,H57P,0.0221,0.0613,0.3612,-0.6156,0.8844,0.4,-2,1,0.2222,1,0.8867,0,0,0,0
300,eis,125,I,N,I125N,0.0221,0.054,0.4084,-1.0,1.3327,0.4,-3,0,0.3174,1,1.6952,100,0,0,0
301,embB,297,S,A,S297A,0.0218,0.0594,0.3674,-0.1989,0.5857,0.4,1,0,0.0,1,0.47,0,0,0,0
302,pncA,57,H,D,H57D,0.0214,0.0613,0.3498,-0.4823,0.7451,0.4,-1,2,0.2745,0,1.1424,0,0,0,0
303,pncA,57,H,Q,H57Q,0.0209,0.0613,0.3416,-0.1898,0.4946,0.4,0,1,0.0654,0,0.5796,0,0,0,0
304,pncA,57,H,Q,H57Q,0.0209,0.0613,0.3416,-0.1898,0.4946,0.4,0,1,0.0654,0,0.5796,0,0,0,0
305,rpoB,446,K,E,K446E,0.0197,0.0669,0.2943,-0.8112,0.0,1.0,-4,2,0.1786,0,1.1336,0,1,0,0
306,embB,297,S,T,S297T,0.0196,0.0594,0.3299,0.0662,0.2605,0.4,1,0,0.2328,0,0.0398,0,0,0,0
307,eis,125,I,S,I125S,0.0196,0.054,0.362,-0.8723,1.0838,0.4,-2,0,0.4671,1,1.2001,100,0,0,0
308,embB,304,L,Q,L304Q,0.0195,0.0527,0.3699,-1.0,1.207,0.4,-2,0,0.1437,1,1.5031,0,0,0,0
309,eis,125,I,L,I125L,0.0192,0.054,0.3549,0.1522,0.2762,0.4,2,0,0.0,0,0.04,100,0,0,0
310,embB,304,L,M,L304M,0.019,0.0527,0.3607,0.0286,0.3899,0.4,2,0,0.024,0,0.2872,0,0,0,0
311,eis,125,I,M,I125M,0.0188,0.054,0.3471,-0.1525,0.484,0.4,1,0,0.024,0,0.4772,100,0,0,0
312,gyrA,36,I,M,I36M,0.0185,0.0931,0.1988,-0.1525,0.0,0.4,1,0,0.024,0,0.4772,38,0,0,0
313,embB,304,L,V,L304V,0.0179,0.0527,0.3401,0.0469,0.3087,0.4,1,0,0.1617,0,0.0785,0,0,0,0
314,eis,125,I,F,I125F,0.0177,0.054,0.3283,-0.1882,0.4501,0.4,0,0,0.1211,0,0.3763,100,0,0,0
315,gyrA,36,I,F,I36F,0.0177,0.0931,0.1904,-0.1882,0.0,0.4,0,0,0.1211,0,0.3763,38,0,0,0
316,embB,297,S,W,S297W,0.0157,0.0594,0.2639,-0.4348,0.4287,0.4,-3,0,0.6096,0,0.2029,0,0,0,0
317,rpoB,446,K,Q,K446Q,0.0141,0.0669,0.2108,-0.1012,0.0,0.4,1,1,0.1488,0,0.5746,0,0,0,0
318,rpoB,446,K,N,K446N,0.012,0.0669,0.1787,-0.2382,0.0,0.4,0,1,0.3214,0,0.6764,0,0,0,0
319,rpoB,446,K,N,K446N,0.012,0.0669,0.1787,-0.2382,0.0,0.4,0,1,0.3214,0,0.6764,0,0,0,0
320,rpoB,446,K,T,K446T,0.0058,0.0669,0.0874,-0.6275,0.0,0.4,-1,1,0.3095,0,1.2329,0,0,0,0
321,gyrA,36,I,S,I36S,0.0028,0.0931,0.03,-0.8723,0.0,0.4,-2,0,0.4671,1,1.2001,38,0,0,0
322,rpoB,446,K,M,K446M,0.0016,0.0669,0.0245,-0.8956,0.0,0.4,-1,1,0.0298,1,1.6689,0,0,0,0
323,rpoB,445,H,L,H445L,0.0007,0.99,0.0007,-1.0,0.0024,0.4,-3,1,0.0838,1,1.9251,0,0,1,0
324,rpoB,449,L,R,L449R,0.0,0.1052,0.0,-1.0,0.0,0.4,-2,1,0.0347,1,2.1704,0,0,0,0
325,rpoB,449,L,Q,L449Q,0.0,0.1052,0.0,-1.0,0.0,0.4,-2,0,0.1437,1,1.5031,0,0,0,0
326,rpoB,452,L,Q,L452Q,0.0,0.9655,0.0,-1.0,0.0,0.4,-2,0,0.1437,1,1.5031,0,0,1,0
327,rpoB,170,V,D,V170D,0.0,0.9686,0.0,-1.0,0.0,0.4,-3,1,0.2071,1,2.1021,256,0,1,0
328,gyrA,36,I,N,I36N,0.0,0.0931,0.0,-1.0,0.0,0.4,-3,0,0.3174,1,1.6952,38,0,0,0
329,rpoB,452,L,R,L452R,0.0,0.9655,0.0,-1.0,0.0,0.4,-2,1,0.0347,1,2.1704,0,0,1,0
