gene,mutation,rank,emergence_score,n_carriers,tier,drug_distance,wt_binding_kcal_mol,mut_binding_kcal_mol,delta_delta_G,vina_category,docked_file,structurally_validated_novel
gyrA,G88D,29,0.4225,0,4,3.943392412866397,-5.269,-5.099,0.16999999999999993,MODERATE,gyrA_G88D_docked.pdbqt,True
gyrA,G88S,30,0.4181,0,4,3.943392412866397,-5.269,-5.09,0.17900000000000027,MODERATE,gyrA_G88S_docked.pdbqt,True
rpoB,V170I,47,0.3746,0,4,3.970504266268814,-9.847,-9.969,-0.12199999999999989,NONE,rpoB_V170I_docked.pdbqt,False
gyrA,S91L,59,0.3428,0,4,4.381251429975644,-5.269,-5.172,0.09700000000000042,WEAK,gyrA_S91L_docked.pdbqt,False
gyrA,A90S,74,0.2983,0,4,2.2744993901292325,-5.269,-5.262,0.007000000000000561,NONE,gyrA_A90S_docked.pdbqt,False
gyrA,A90G,118,0.248,0,4,2.2744993901292325,-5.269,-5.266,0.0030000000000001137,NONE,gyrA_A90G_docked.pdbqt,False
rpoB,S450T,123,0.2436,0,4,3.231583808933658,-9.847,-9.955,-0.10800000000000054,NONE,rpoB_S450T_docked.pdbqt,False
rpoB,I491N,124,0.2399,0,4,3.254174562707113,-9.847,-9.691,0.1559999999999988,MODERATE,rpoB_I491N_docked.pdbqt,True
gyrA,A90P,125,0.2385,0,4,2.2744993901292325,-5.269,-5.133,0.13600000000000012,WEAK,gyrA_A90P_docked.pdbqt,False
rpoB,V170D,130,0.2358,0,4,3.970504266268814,-9.847,-9.8,0.04699999999999882,NONE,rpoB_V170D_docked.pdbqt,False
gyrB,Q538L,131,0.2337,0,4,1.34,-7.071,-6.334,0.7370000000000001,STRONG,gyrB_Q538L_docked.pdbqt,True
rpoB,L452R,132,0.2331,0,4,4.298147502599544,-9.847,-8.802,1.045,STRONG,rpoB_L452R_docked.pdbqt,True
rpoB,P483R,140,0.2265,0,4,2.5282041487860103,-9.847,-8.593,1.2539999999999996,STRONG,rpoB_P483R_docked.pdbqt,True
rpoB,L430M,141,0.2253,0,4,3.7545694025458505,-9.847,-9.753,0.09399999999999942,WEAK,rpoB_L430M_docked.pdbqt,False
gyrA,G88R,142,0.2224,0,4,3.943392412866397,-5.269,-5.144,0.125,WEAK,gyrA_G88R_docked.pdbqt,False
rpoB,P483H,144,0.2202,0,4,2.5282041487860103,-9.847,-9.876,-0.028999999999999915,NONE,rpoB_P483H_docked.pdbqt,False
rpoB,L430Q,146,0.2186,0,4,3.7545694025458505,-9.847,-9.811,0.03599999999999959,NONE,rpoB_L430Q_docked.pdbqt,False
gyrB,Q538E,149,0.2153,0,4,1.34,-7.071,-7.07,0.0009999999999994458,NONE,gyrB_Q538E_docked.pdbqt,False
gyrB,Q538P,153,0.2125,0,4,1.34,-7.071,-7.012,0.05900000000000016,WEAK,gyrB_Q538P_docked.pdbqt,False
rpoB,L430V,157,0.2109,0,4,3.7545694025458505,-9.847,-9.76,0.08699999999999974,WEAK,rpoB_L430V_docked.pdbqt,False
rpoB,P483T,158,0.2104,0,4,2.5282041487860103,-9.847,-9.828,0.019000000000000128,NONE,rpoB_P483T_docked.pdbqt,False
gyrB,Q538K,164,0.2093,0,4,1.34,-7.071,-7.063,0.008000000000000007,NONE,gyrB_Q538K_docked.pdbqt,False
gyrA,S91A,170,0.206,0,4,4.381251429975644,-5.269,-5.066,0.2030000000000003,MODERATE,gyrA_S91A_docked.pdbqt,True
rpoB,L452M,181,0.1995,0,4,4.298147502599544,-9.847,-7.71,2.1369999999999996,STRONG,rpoB_L452M_docked.pdbqt,True
gyrB,Q538H,183,0.1972,0,4,1.34,-7.071,-7.059,0.011999999999999567,NONE,gyrB_Q538H_docked.pdbqt,False
rpoB,P483A,189,0.191,0,4,2.5282041487860103,-9.847,-9.761,0.0860000000000003,WEAK,rpoB_P483A_docked.pdbqt,False
rpoB,V170L,202,0.1836,0,4,3.970504266268814,-9.847,-9.82,0.026999999999999247,NONE,rpoB_V170L_docked.pdbqt,False
gyrA,S91T,204,0.1815,0,4,4.381251429975644,-5.269,-5.132,0.13700000000000045,WEAK,gyrA_S91T_docked.pdbqt,False
gyrA,G88V,207,0.1669,0,4,3.943392412866397,-5.269,-5.091,0.17799999999999994,MODERATE,gyrA_G88V_docked.pdbqt,True
rpoB,V170G,212,0.1463,0,4,3.970504266268814,-9.847,-9.749,0.09799999999999898,WEAK,rpoB_V170G_docked.pdbqt,False
gyrA,S91W,213,0.1371,0,4,4.381251429975644,-5.269,-5.414,-0.14499999999999957,NONE,gyrA_S91W_docked.pdbqt,False
rpoB,Q432R,225,0.0911,0,4,2.3867468208744174,-9.847,-9.448,0.39899999999999913,MODERATE,rpoB_Q432R_docked.pdbqt,True
