gene,locus,residue_pos,wt_aa,is_hotspot,hotspot_probability,inner_distance,homoplasy_count,homoplasy_alleles,helix_propensity,strand_propensity,hydrophobicity,volume,charge,hbond,rel_position,conservation_blosum,contact_density_seq
gyrA,Rv0006,94,D,1,0.9999999999572409,0,36,4,1.01,0.54,-3.5,111,-1,1,0.11217183770883055,6,71
embB,Rv3795,306,M,1,0.9999998580369189,0,46,3,1.45,1.05,1.9,163,0,0,0.2786885245901639,5,62
embB,Rv3795,406,G,1,0.9999993049738319,0,6,3,0.57,0.75,-0.4,60,0,0,0.3697632058287796,6,101
katG,Rv1908c,315,S,1,0.9999215144909883,0,70,2,0.77,0.75,-0.8,89,0,1,0.42567567567567566,4,61
pncA,Rv2043c,10,Q,1,0.9998677540846281,0,4,1,1.11,1.1,-3.5,143,0,1,0.053763440860215055,5,60
pncA,Rv2043c,73,V,0,0.9997562881629319,0,4,1,1.06,1.7,4.2,140,0,0,0.3924731182795699,4,101
embB,Rv3795,436,V,0,0.9997556043505088,0,2,1,1.06,1.7,4.2,140,0,0,0.3970856102003643,4,101
embB,Rv3795,445,Q,0,0.9997326610392642,0,4,1,1.11,1.1,-3.5,143,0,1,0.40528233151183973,5,101
embB,Rv3795,283,V,0,0.9997028495552789,12,2,1,1.06,1.7,4.2,140,0,0,0.25774134790528236,4,39
katG,Rv1908c,127,Q,0,0.999701966083399,12,2,1,1.11,1.1,-3.5,143,0,1,0.17162162162162162,5,12
embB,Rv3795,497,Q,1,0.9996522042438409,0,6,1,1.11,1.1,-3.5,143,0,1,0.45264116575591984,5,84
rpoB,Rv0667,409,Q,0,0.9995284324945101,17,2,1,1.11,1.1,-3.5,143,0,1,0.34897610921501704,5,27
katG,Rv1908c,30,V,0,0.9994660282128164,74,28,1,1.06,1.7,4.2,140,0,0,0.04054054054054054,4,0
pncA,Rv2043c,133,I,0,0.9991764335293348,0,4,1,1.08,1.6,4.5,167,0,0,0.7150537634408602,4,101
gyrA,Rv0006,111,D,0,0.9990948804310148,0,6,1,1.01,0.54,-3.5,111,-1,1,0.1324582338902148,6,77
embB,Rv3795,355,L,0,0.9990324344345456,0,4,1,1.21,1.3,3.8,167,0,0,0.3233151183970856,4,101
embB,Rv3795,378,E,0,0.9989549984380248,0,96,1,1.51,0.37,-3.5,138,-1,1,0.3442622950819672,5,101
embB,Rv3795,328,D,0,0.9986509141424735,0,2,1,1.01,0.54,-3.5,111,-1,1,0.2987249544626594,6,84
gyrB,Rv0005,486,I,0,0.9985974321447885,9,2,1,1.08,1.6,4.5,167,0,0,0.72,4,42
rpoB,Rv0667,445,H,1,0.9984504092256914,0,18,3,1.0,0.87,-3.2,153,1,1,0.3796928327645051,8,27
rpoB,Rv0667,430,L,1,0.9981807652382566,0,2,1,1.21,1.3,3.8,167,0,0,0.36689419795221845,4,27
katG,Rv1908c,142,D,0,0.9976658602035218,27,2,1,1.01,0.54,-3.5,111,-1,1,0.1918918918918919,6,12
embB,Rv3795,117,V,0,0.9973402857424334,178,46,1,1.06,1.7,4.2,140,0,0,0.10655737704918032,4,0
embB,Rv3795,534,D,0,0.9968156393842758,4,6,1,1.01,0.54,-3.5,111,-1,1,0.48633879781420764,6,47
embB,Rv3795,334,Y,0,0.9967419791611501,0,4,1,0.69,1.47,-1.3,193,0,1,0.30418943533697634,7,90
gyrA,Rv0006,21,E,0,0.9965711883690674,53,234,1,1.51,0.37,-3.5,138,-1,1,0.025059665871121718,5,0
pncA,Rv2043c,29,R,0,0.9964221438706883,0,6,1,0.98,0.93,-4.5,173,1,1,0.15591397849462366,5,79
rpoB,Rv0667,228,V,0,0.9963030341719903,198,12,1,1.06,1.7,4.2,140,0,0,0.1945392491467577,4,0
gyrA,Rv0006,68,R,0,0.9961098031300694,6,2,1,0.98,0.93,-4.5,173,1,1,0.081145584725537,5,45
embB,Rv3795,220,L,0,0.9960775104215839,75,20,1,1.21,1.3,3.8,167,0,0,0.20036429872495445,4,0
rpsL,Rv0682,3,T,0,0.9960756890696721,20,16,1,0.83,1.19,-0.7,116,0,1,0.024193548387096774,5,31
pncA,Rv2043c,156,L,0,0.9952994893986395,0,2,1,1.21,1.3,3.8,167,0,0,0.8387096774193549,4,81
pncA,Rv2043c,13,F,0,0.9952542835318395,0,2,1,1.13,1.38,2.8,190,0,0,0.06989247311827956,6,63
gyrA,Rv0006,53,R,0,0.9950274228967745,21,2,1,0.98,0.93,-4.5,173,1,1,0.06324582338902147,5,30
rpoB,Rv0667,588,I,0,0.9948596850055291,136,2,1,1.08,1.6,4.5,167,0,0,0.5017064846416383,4,0
gyrB,Rv0005,494,D,0,0.9941382742332958,1,2,1,1.01,0.54,-3.5,111,-1,1,0.7318518518518519,6,50
gyrA,Rv0006,91,S,1,0.993784822666567,0,2,1,0.77,0.75,-0.8,89,0,1,0.10859188544152745,4,68
pncA,Rv2043c,58,F,0,0.9928246143168243,0,2,1,1.13,1.38,2.8,190,0,0,0.3118279569892473,6,101
gyrA,Rv0006,328,I,0,0.9926596101720866,178,28,1,1.08,1.6,4.5,167,0,0,0.3914081145584726,4,0
rpoB,Rv0667,561,E,0,0.9923156824908069,109,2,1,1.51,0.37,-3.5,138,-1,1,0.4786689419795222,5,0
rpoB,Rv0667,289,L,0,0.9910396596756617,137,2,1,1.21,1.3,3.8,167,0,0,0.24658703071672355,4,0
pncA,Rv2043c,114,T,0,0.990934405414292,0,2,1,0.83,1.19,-0.7,116,0,1,0.6129032258064516,5,101
pncA,Rv2043c,67,S,0,0.9898070118202014,0,6,1,0.77,0.75,-0.8,89,0,1,0.3602150537634409,4,101
rpoB,Rv0667,654,V,0,0.9897572604455579,202,2,1,1.06,1.7,4.2,140,0,0,0.5580204778156996,4,0
embB,Rv3795,297,S,0,0.9891472023540089,0,2,1,0.77,0.75,-0.8,89,0,1,0.27049180327868855,4,53
katG,Rv1908c,87,S,0,0.9883269964236028,17,2,1,0.77,0.75,-0.8,89,0,1,0.11756756756756757,4,12
pncA,Rv2043c,20,A,0,0.9877169185828797,0,2,1,1.42,0.83,1.8,89,0,0,0.10752688172043011,4,70
pncA,Rv2043c,94,F,0,0.9876758929570097,0,2,1,1.13,1.38,2.8,190,0,0,0.5053763440860215,6,101
gyrA,Rv0006,90,A,1,0.9874632482911782,0,2,1,1.42,0.83,1.8,89,0,0,0.10739856801909307,4,67
gyrA,Rv0006,126,A,0,0.9866318964667409,0,2,1,1.42,0.83,1.8,89,0,0,0.15035799522673032,4,75
pncA,Rv2043c,142,T,0,0.9856180681418061,0,2,1,0.83,1.19,-0.7,116,0,1,0.7634408602150538,5,95
katG,Rv1908c,140,S,0,0.9840805408649329,25,4,1,0.77,0.75,-0.8,89,0,1,0.1891891891891892,4,12
pncA,Rv2043c,140,R,0,0.9835749285635778,0,2,1,0.98,0.93,-4.5,173,1,1,0.7526881720430108,5,97
rpoB,Rv0667,441,S,0,0.9825603031396126,0,2,1,0.77,0.75,-0.8,89,0,1,0.37627986348122866,4,27
gyrA,Rv0006,95,S,0,0.9806402856245223,0,230,1,0.77,0.75,-0.8,89,0,1,0.11336515513126491,4,72
rpoB,Rv0667,350,T,0,0.9795594209262357,76,8,1,0.83,1.19,-0.7,116,0,1,0.2986348122866894,5,0
katG,Rv1908c,203,T,0,0.9793507816749445,67,46,1,0.83,1.19,-0.7,116,0,1,0.2743243243243243,5,0
katG,Rv1908c,167,F,0,0.9781004349924716,52,2,1,1.13,1.38,2.8,190,0,0,0.22567567567567567,6,0
rpoB,Rv0667,450,S,1,0.9775745443718861,0,48,1,0.77,0.75,-0.8,89,0,1,0.3839590443686007,4,27
gyrB,Rv0005,171,V,0,0.9767542046150759,324,28,1,1.06,1.7,4.2,140,0,0,0.25333333333333335,4,0
gyrB,Rv0005,499,N,0,0.9765214737503604,0,2,1,0.67,0.89,-3.5,114,0,1,0.7392592592592593,6,55
pncA,Rv2043c,79,A,0,0.9761026788511401,0,2,1,1.42,0.83,1.8,89,0,0,0.42473118279569894,4,101
rpoB,Rv0667,639,E,0,0.9732523203532224,187,18,1,1.51,0.37,-3.5,138,-1,1,0.5452218430034129,5,0
embB,Rv3795,17,L,0,0.9722235524167608,278,2,1,1.21,1.3,3.8,167,0,0,0.015482695810564663,4,0
rpoB,Rv0667,388,S,0,0.9704942502198128,38,18,1,0.77,0.75,-0.8,89,0,1,0.3310580204778157,4,13
tap,Rv1258c,202,T,0,0.9678998699793918,500,46,2,0.83,1.19,-0.7,116,0,1,0.4821002386634845,5,0
embB,Rv3795,510,A,0,0.9672970873623572,0,2,1,1.42,0.83,1.8,89,0,0,0.4644808743169399,4,71
gyrA,Rv0006,252,R,0,0.9671580789131784,102,2,1,0.98,0.93,-4.5,173,1,1,0.30071599045346065,5,0
pncA,Rv2043c,7,V,0,0.9665283834052908,0,0,0,1.06,1.7,4.2,140,0,0,0.03763440860215054,4,57
gyrA,Rv0006,88,G,0,0.9663020660435233,0,2,1,0.57,0.75,-0.4,60,0,0,0.10501193317422435,6,65
pncA,Rv2043c,9,V,0,0.9659970769436844,0,0,0,1.06,1.7,4.2,140,0,0,0.04838709677419355,4,59
katG,Rv1908c,53,A,0,0.9659426517015178,51,2,1,1.42,0.83,1.8,89,0,0,0.07162162162162163,4,0
gyrA,Rv0006,97,V,0,0.9631000237576309,0,0,0,1.06,1.7,4.2,140,0,0,0.11575178997613365,4,74
pncA,Rv2043c,21,V,0,0.9626343963557515,0,0,0,1.06,1.7,4.2,140,0,0,0.11290322580645161,4,71
gyrA,Rv0006,110,V,0,0.9622844040358807,0,0,0,1.06,1.7,4.2,140,0,0,0.13126491646778043,4,77
gyrA,Rv0006,101,Q,0,0.9613252546903477,0,0,0,1.11,1.1,-3.5,143,0,1,0.12052505966587113,5,77
gyrA,Rv0006,77,V,0,0.9604137393145518,0,0,0,1.06,1.7,4.2,140,0,0,0.09188544152744631,4,54
gyrA,Rv0006,113,Q,0,0.9597947703175899,0,0,0,1.11,1.1,-3.5,143,0,1,0.13484486873508353,5,77
gyrB,Rv0005,575,R,0,0.9566267730030155,20,2,1,0.98,0.93,-4.5,173,1,1,0.8518518518518519,5,31
pncA,Rv2043c,5,I,0,0.9556907304147498,0,0,0,1.08,1.6,4.5,167,0,0,0.026881720430107527,4,55
pncA,Rv2043c,6,I,0,0.955344357488113,0,0,0,1.08,1.6,4.5,167,0,0,0.03225806451612903,4,56
pncA,Rv2043c,44,V,0,0.9552759954516853,0,0,0,1.06,1.7,4.2,140,0,0,0.23655913978494625,4,94
pncA,Rv2043c,45,V,0,0.9549265333785615,0,0,0,1.06,1.7,4.2,140,0,0,0.24193548387096775,4,95
rpoB,Rv0667,539,N,0,0.953370631882356,87,2,1,0.67,0.89,-3.5,114,0,1,0.4598976109215017,6,0
rpsL,Rv0682,8,V,0,0.9501676634818941,15,0,0,1.06,1.7,4.2,140,0,0,0.06451612903225806,4,36
gyrA,Rv0006,92,I,0,0.9495789226846101,0,0,0,1.08,1.6,4.5,167,0,0,0.10978520286396182,4,69
gyrA,Rv0006,150,V,0,0.9489249210764613,0,0,0,1.06,1.7,4.2,140,0,0,0.17899761336515513,4,51
rpsL,Rv0682,19,V,0,0.9486088172534068,4,0,0,1.06,1.7,4.2,140,0,0,0.1532258064516129,4,47
rpsL,Rv0682,5,Q,0,0.9478666908745806,18,0,0,1.11,1.1,-3.5,143,0,1,0.04032258064516129,5,33
rpsL,Rv0682,6,Q,0,0.947720747554086,17,0,0,1.11,1.1,-3.5,143,0,1,0.04838709677419355,5,34
embB,Rv3795,343,V,0,0.9469817471678771,0,0,0,1.06,1.7,4.2,140,0,0,0.3123861566484517,4,99
gyrA,Rv0006,55,V,0,0.9461197881563678,19,0,0,1.06,1.7,4.2,140,0,0,0.06563245823389022,4,32
pncA,Rv2043c,31,I,0,0.9458004747111436,0,0,0,1.08,1.6,4.5,167,0,0,0.16666666666666666,4,81
embB,Rv3795,360,V,0,0.9454735101521279,0,0,0,1.06,1.7,4.2,140,0,0,0.32786885245901637,4,101
embB,Rv3795,369,V,0,0.9442688686293416,0,0,0,1.06,1.7,4.2,140,0,0,0.3360655737704918,4,101
embB,Rv3795,377,V,0,0.9431770935774493,0,0,0,1.06,1.7,4.2,140,0,0,0.34335154826958103,4,101
gyrA,Rv0006,51,V,0,0.9426679912240266,23,0,0,1.06,1.7,4.2,140,0,0,0.060859188544152745,4,28
gyrA,Rv0006,371,D,0,0.941893926010506,221,2,1,1.01,0.54,-3.5,111,-1,1,0.44272076372315033,6,0
embB,Rv3795,390,V,0,0.941360000553108,0,0,0,1.06,1.7,4.2,140,0,0,0.3551912568306011,4,101
rpsL,Rv0682,29,Q,0,0.9400777613903262,0,0,0,1.11,1.1,-3.5,143,0,1,0.23387096774193547,5,57
rpsL,Rv0682,33,V,0,0.9397092584991579,0,0,0,1.06,1.7,4.2,140,0,0,0.2661290322580645,4,61
embB,Rv3795,309,V,0,0.9388500544514341,0,0,0,1.06,1.7,4.2,140,0,0,0.2814207650273224,4,65
embB,Rv3795,414,V,0,0.9378614741308511,0,0,0,1.06,1.7,4.2,140,0,0,0.3770491803278688,4,101
embB,Rv3795,417,V,0,0.9374106910550942,0,0,0,1.06,1.7,4.2,140,0,0,0.3797814207650273,4,101
gyrA,Rv0006,160,V,0,0.9364528224439939,10,0,0,1.06,1.7,4.2,140,0,0,0.1909307875894988,4,41
gyrA,Rv0006,44,V,0,0.9361232128782724,30,0,0,1.06,1.7,4.2,140,0,0,0.05250596658711217,4,21
rpsL,Rv0682,37,V,0,0.9360433335677351,0,0,0,1.06,1.7,4.2,140,0,0,0.29838709677419356,4,65
pncA,Rv2043c,52,I,0,0.9359084221923953,0,0,0,1.08,1.6,4.5,167,0,0,0.27956989247311825,4,101
gyrA,Rv0006,145,I,0,0.9349841080136948,0,0,0,1.08,1.6,4.5,167,0,0,0.1730310262529833,4,56
embB,Rv3795,435,V,0,0.9346413222984967,0,0,0,1.06,1.7,4.2,140,0,0,0.39617486338797814,4,101
rpsL,Rv0682,4,I,0,0.9341157786326352,19,0,0,1.08,1.6,4.5,167,0,0,0.03225806451612903,4,32
embB,Rv3795,444,V,0,0.9332142721158174,0,0,0,1.06,1.7,4.2,140,0,0,0.40437158469945356,4,101
embB,Rv3795,643,T,0,0.9319783332377735,113,2,1,0.83,1.19,-0.7,116,0,1,0.5856102003642987,5,0
embB,Rv3795,292,V,0,0.9319676602507505,3,0,0,1.06,1.7,4.2,140,0,0,0.2659380692167577,4,48
embB,Rv3795,452,V,0,0.9319215502936771,0,0,0,1.06,1.7,4.2,140,0,0,0.4116575591985428,4,101
rpsL,Rv0682,16,I,0,0.9319037537687496,7,0,0,1.08,1.6,4.5,167,0,0,0.12903225806451613,4,44
gyrA,Rv0006,161,Q,0,0.9315490787943739,11,0,0,1.11,1.1,-3.5,143,0,1,0.19212410501193317,5,40
embB,Rv3795,456,V,0,0.9312665251403697,0,0,0,1.06,1.7,4.2,140,0,0,0.41530054644808745,4,101
gyrA,Rv0006,398,L,0,0.9303129256608901,248,12,1,1.21,1.3,3.8,167,0,0,0.47494033412887826,4,0
embB,Rv3795,467,V,0,0.9294349999503989,0,0,0,1.06,1.7,4.2,140,0,0,0.42531876138433516,4,101
gyrA,Rv0006,165,V,0,0.9291995620264005,15,0,0,1.06,1.7,4.2,140,0,0,0.19689737470167065,4,36
gyrA,Rv0006,37,V,0,0.9288876714877914,37,0,0,1.06,1.7,4.2,140,0,0,0.0441527446300716,4,14
katG,Rv1908c,83,V,0,0.928796580815603,21,0,0,1.06,1.7,4.2,140,0,0,0.11216216216216217,4,12
embB,Rv3795,473,V,0,0.9284170733987975,0,0,0,1.06,1.7,4.2,140,0,0,0.4307832422586521,4,101
katG,Rv1908c,88,Q,0,0.9280286199932831,16,0,0,1.11,1.1,-3.5,143,0,1,0.11891891891891893,5,12
embB,Rv3795,479,V,0,0.9273856100968055,0,0,0,1.06,1.7,4.2,140,0,0,0.43624772313296906,4,101
gyrA,Rv0006,153,I,0,0.9271995812589978,3,0,0,1.08,1.6,4.5,167,0,0,0.18257756563245822,4,48
gyrA,Rv0006,35,V,0,0.9266852174973476,39,0,0,1.06,1.7,4.2,140,0,0,0.041766109785202864,4,12
gyrA,Rv0006,154,P,0,0.9250839376996604,4,2,1,0.57,0.55,-1.6,119,0,0,0.18377088305489261,7,47
katG,Rv1908c,73,V,0,0.9226302415779002,31,0,0,1.06,1.7,4.2,140,0,0,0.09864864864864865,4,12
rpoB,Rv0667,103,D,0,0.9221963975859585,323,4,1,1.01,0.54,-3.5,111,-1,1,0.0878839590443686,6,0
embB,Rv3795,488,V,0,0.9218619033988836,0,0,0,1.06,1.7,4.2,140,0,0,0.4444444444444444,4,93
embB,Rv3795,282,V,0,0.9201924737797811,13,0,0,1.06,1.7,4.2,140,0,0,0.2568306010928962,4,38
katG,Rv1908c,103,I,0,0.9198057485823596,1,0,0,1.08,1.6,4.5,167,0,0,0.13918918918918918,4,12
katG,Rv1908c,68,V,0,0.9193667772374879,36,0,0,1.06,1.7,4.2,140,0,0,0.0918918918918919,4,12
pncA,Rv2043c,97,G,0,0.9193555464575054,0,2,1,0.57,0.75,-0.4,60,0,0,0.521505376344086,6,101
embB,Rv3795,492,V,0,0.9190536734602495,0,0,0,1.06,1.7,4.2,140,0,0,0.44808743169398907,4,89
embB,Rv3795,407,I,0,0.9186506421503102,0,0,0,1.08,1.6,4.5,167,0,0,0.37067395264116576,4,101
embB,Rv3795,408,I,0,0.918458398430681,0,0,0,1.08,1.6,4.5,167,0,0,0.37158469945355194,4,101
embB,Rv3795,493,V,0,0.9183373714497416,0,0,0,1.06,1.7,4.2,140,0,0,0.44899817850637525,4,88
rpsL,Rv0682,52,V,0,0.9182921410413569,0,0,0,1.06,1.7,4.2,140,0,0,0.41935483870967744,4,76
katG,Rv1908c,284,V,0,0.9179208412994725,0,0,0,1.06,1.7,4.2,140,0,0,0.3837837837837838,4,61
katG,Rv1908c,115,I,0,0.9173398831458565,0,0,0,1.08,1.6,4.5,167,0,0,0.1554054054054054,4,12
rpsL,Rv0682,43,K,1,0.916691359353125,0,38,1,1.16,0.74,-3.9,168,1,1,0.3467741935483871,5,71
mmpR5,Rv0678,140,R,0,0.9166326707336203,500,6,2,0.98,0.93,-4.5,173,1,1,0.8484848484848485,5,0
embB,Rv3795,303,I,0,0.9165640683265934,0,0,0,1.08,1.6,4.5,167,0,0,0.27595628415300544,4,59
embB,Rv3795,419,I,0,0.9163162468579293,0,0,0,1.08,1.6,4.5,167,0,0,0.38160291438979965,4,101
pncA,Rv2043c,93,V,0,0.9143017437962139,0,0,0,1.06,1.7,4.2,140,0,0,0.5,4,101
rpsL,Rv0682,55,V,0,0.9130218491477992,0,0,0,1.06,1.7,4.2,140,0,0,0.4435483870967742,4,76
katG,Rv1908c,267,V,0,0.9129047998989421,3,0,0,1.06,1.7,4.2,140,0,0,0.3608108108108108,4,48
embB,Rv3795,502,V,0,0.9116266060278352,0,0,0,1.06,1.7,4.2,140,0,0,0.45719489981785066,4,79
embB,Rv3795,293,I,0,0.9110464042093909,2,0,0,1.08,1.6,4.5,167,0,0,0.2668488160291439,4,49
gyrB,Rv0005,389,N,0,0.9108377494696197,106,26,1,0.67,0.89,-3.5,114,0,1,0.5762962962962963,6,0
katG,Rv1908c,295,Q,0,0.9101994374686956,0,0,0,1.11,1.1,-3.5,143,0,1,0.39864864864864863,5,61
gyrA,Rv0006,25,Q,0,0.9101985396227483,49,0,0,1.11,1.1,-3.5,143,0,1,0.029832935560859187,5,2
embB,Rv3795,450,I,0,0.9100017559595869,0,0,0,1.08,1.6,4.5,167,0,0,0.4098360655737705,4,101
gyrA,Rv0006,18,V,0,0.9082549419499718,56,0,0,1.06,1.7,4.2,140,0,0,0.021479713603818614,4,0
katG,Rv1908c,319,V,0,0.9072892494185619,0,0,0,1.06,1.7,4.2,140,0,0,0.43108108108108106,4,61
katG,Rv1908c,320,V,0,0.9069680303387118,0,0,0,1.06,1.7,4.2,140,0,0,0.43243243243243246,4,61
embB,Rv3795,508,V,0,0.9068799292992835,0,0,0,1.06,1.7,4.2,140,0,0,0.46265938069216755,4,73
embB,Rv3795,465,I,0,0.9067946628578937,0,0,0,1.08,1.6,4.5,167,0,0,0.42349726775956287,4,101
gyrA,Rv0006,22,Q,0,0.9066811364353918,52,0,0,1.11,1.1,-3.5,143,0,1,0.026252983293556086,5,0
gyrA,Rv0006,36,I,0,0.9042372901892872,38,0,0,1.08,1.6,4.5,167,0,0,0.04295942720763723,4,13
katG,Rv1908c,260,V,0,0.9035831465378111,10,0,0,1.06,1.7,4.2,140,0,0,0.35135135135135137,4,41
katG,Rv1908c,80,I,0,0.9032057750308596,24,0,0,1.08,1.6,4.5,167,0,0,0.10810810810810811,4,12
katG,Rv1908c,54,V,0,0.9029945636850825,50,0,0,1.06,1.7,4.2,140,0,0,0.07297297297297298,4,1
rpsL,Rv0682,61,V,0,0.9015509869992234,0,0,0,1.06,1.7,4.2,140,0,0,0.49193548387096775,4,76
rpsL,Rv0682,60,Q,0,0.8985228915940028,0,0,0,1.11,1.1,-3.5,143,0,1,0.4838709677419355,5,76
pncA,Rv2043c,15,E,0,0.8979762431825294,0,0,0,1.51,0.37,-3.5,138,-1,1,0.08064516129032258,5,65
embB,Rv3795,284,I,0,0.8976483615621785,11,0,0,1.08,1.6,4.5,167,0,0,0.2586520947176685,4,40
rpoB,Rv0667,429,Q,0,0.8974668034842582,0,0,0,1.11,1.1,-3.5,143,0,1,0.3660409556313993,5,27
rpsL,Rv0682,63,V,0,0.8974373490430138,0,0,0,1.06,1.7,4.2,140,0,0,0.5080645161290323,4,76
rpoB,Rv0667,432,Q,0,0.8968002946751268,0,0,0,1.11,1.1,-3.5,143,0,1,0.36860068259385664,5,27
katG,Rv1908c,47,V,0,0.8967040669144841,57,0,0,1.06,1.7,4.2,140,0,0,0.06351351351351352,4,0
gyrA,Rv0006,183,V,0,0.8963553546822308,33,0,0,1.06,1.7,4.2,140,0,0,0.21837708830548927,4,18
katG,Rv1908c,71,I,0,0.895913199530629,33,0,0,1.08,1.6,4.5,167,0,0,0.09594594594594595,4,12
rpoB,Rv0667,436,Q,0,0.8959056540228336,0,0,0,1.11,1.1,-3.5,143,0,1,0.3720136518771331,5,27
embB,Rv3795,489,I,0,0.8956927808860401,0,0,0,1.08,1.6,4.5,167,0,0,0.4453551912568306,4,92
rpoB,Rv0667,418,V,0,0.8956695634827093,8,0,0,1.06,1.7,4.2,140,0,0,0.35665529010238906,4,27
embB,Rv3795,516,Q,0,0.8950117409427382,0,0,0,1.11,1.1,-3.5,143,0,1,0.46994535519125685,5,65
rpoB,Rv0667,417,V,0,0.8946958840241507,9,0,0,1.06,1.7,4.2,140,0,0,0.35580204778157,4,27
katG,Rv1908c,50,Q,0,0.893939625940869,54,0,0,1.11,1.1,-3.5,143,0,1,0.06756756756756757,5,0
gyrA,Rv0006,29,I,0,0.8937996724474168,45,0,0,1.08,1.6,4.5,167,0,0,0.034606205250596656,4,6
pncA,Rv2043c,109,V,0,0.8932728961999418,0,0,0,1.06,1.7,4.2,140,0,0,0.5860215053763441,4,101
katG,Rv1908c,151,V,0,0.8925739704172267,36,0,0,1.06,1.7,4.2,140,0,0,0.20405405405405405,4,12
pncA,Rv2043c,90,I,0,0.8913655068747706,0,0,0,1.08,1.6,4.5,167,0,0,0.4838709677419355,4,101
gyrA,Rv0006,79,E,0,0.8882816312584075,0,0,0,1.51,0.37,-3.5,138,-1,1,0.09427207637231504,5,56
katG,Rv1908c,266,I,0,0.8834554313159925,4,0,0,1.08,1.6,4.5,167,0,0,0.35945945945945945,4,47
katG,Rv1908c,246,V,0,0.8822385687369806,24,0,0,1.06,1.7,4.2,140,0,0,0.3324324324324324,4,27
katG,Rv1908c,36,Q,0,0.8814284084505596,68,0,0,1.11,1.1,-3.5,143,0,1,0.04864864864864865,5,0
gyrA,Rv0006,20,I,0,0.8811405681396873,54,0,0,1.08,1.6,4.5,167,0,0,0.02386634844868735,4,0
embB,Rv3795,533,V,0,0.880589043758797,3,0,0,1.06,1.7,4.2,140,0,0,0.4854280510018215,4,48
gyrA,Rv0006,131,E,0,0.8804299530769218,0,0,0,1.51,0.37,-3.5,138,-1,1,0.15632458233890215,5,70
katG,Rv1908c,313,I,0,0.8803536198487154,0,0,0,1.08,1.6,4.5,167,0,0,0.422972972972973,4,61
pncA,Rv2043c,37,E,0,0.8803400218135311,0,0,0,1.51,0.37,-3.5,138,-1,1,0.1989247311827957,5,87
rpoB,Rv0667,403,V,0,0.880202855330869,23,0,0,1.06,1.7,4.2,140,0,0,0.3438566552901024,4,27
embB,Rv3795,24,R,0,0.8795796887732428,271,6,1,0.98,0.93,-4.5,173,1,1,0.02185792349726776,5,0
katG,Rv1908c,317,I,0,0.878737826048666,0,0,0,1.08,1.6,4.5,167,0,0,0.4283783783783784,4,61
rpoB,Rv0667,466,V,0,0.8762886380153498,14,0,0,1.06,1.7,4.2,140,0,0,0.39761092150170646,4,27
gyrA,Rv0006,15,I,0,0.8761198105907029,59,0,0,1.08,1.6,4.5,167,0,0,0.017899761336515514,4,0
