overall_rank,gene,residue_pos,wt_aa,mut_aa,mutation,emergence_score,hotspot_score,mutation_score,fitness_score,resistance_score,evo_score,blosum62,charge_change,size_change,loss_of_hbond,delta_dG_proxy,inner_distance,is_transition,is_known_hotspot,is_known_resistance,tier,n_cryptic_carriers
1,embB,406,G,D,G406D,0.6175,0.9826,0.6284,-0.69,1.1352,1.0,-1,1,0.4595,1,1.2578,0,1,1,1,0,112
2,gyrA,94,D,G,D94G,0.6173,0.9824,0.6284,-0.69,1.1352,1.0,-1,1,0.4595,1,1.2578,0,1,1,1,0,863
3,gyrA,90,A,T,A90T,0.5962,0.979,0.609,-0.3349,0.7966,1.0,0,0,0.2328,1,0.5698,0,1,1,0,4,0
4,katG,315,S,G,S315G,0.5868,0.983,0.597,-0.1389,0.6052,1.0,0,0,0.3258,1,0.1778,0,1,1,0,2,4
5,gyrA,91,S,L,S91L,0.5867,0.982,0.5974,-0.8023,1.1201,1.0,-2,0,0.4671,1,1.0601,0,1,1,0,4,0
6,embB,406,G,S,G406S,0.5866,0.9826,0.597,-0.1389,0.6052,1.0,0,0,0.3258,1,0.1778,0,1,1,0,1,99
7,embB,306,M,T,M306T,0.5842,0.9817,0.5951,-0.4644,0.851,1.0,-1,0,0.2883,1,0.6065,0,1,1,0,2,3
8,pncA,10,Q,R,Q10R,0.5797,0.983,0.5897,-0.1649,0.6013,1.0,1,1,0.1734,0,0.702,0,1,1,0,3,155
9,embB,497,Q,R,Q497R,0.5787,0.9814,0.5897,-0.1649,0.6013,1.0,1,1,0.1734,0,0.702,0,1,1,1,0,475
10,pncA,20,A,T,A20T,0.5735,0.9416,0.609,-0.3349,0.7966,1.0,0,0,0.2328,1,0.5698,0,1,0,0,4,0
11,gyrA,91,S,P,S91P,0.5714,0.982,0.5819,-0.2789,0.6638,1.0,-1,0,0.2521,1,0.2356,0,1,1,1,0,105
12,gyrA,94,D,N,D94N,0.5689,0.9824,0.5791,-0.0428,0.4719,1.0,1,1,0.0263,0,0.4579,0,1,1,1,0,175
13,katG,315,S,N,S315N,0.5673,0.983,0.5771,-0.1918,0.5805,1.0,1,0,0.2193,0,0.5558,0,1,1,1,0,73
14,gyrA,111,D,G,D111G,0.5659,0.9006,0.6284,-0.69,1.1352,1.0,-1,1,0.4595,1,1.2578,0,1,0,0,2,1
15,rpoB,445,H,Y,H445Y,0.5649,0.9848,0.5736,-0.1489,0.5358,1.0,2,1,0.2073,0,0.8422,0,1,1,1,0,151
16,rpsL,88,K,R,K88R,0.5643,0.9834,0.5738,0.1579,0.2991,1.0,2,0,0.0289,0,0.0287,0,1,1,1,0,375
17,rpsL,43,K,R,K43R,0.5634,0.9818,0.5738,0.1579,0.2991,1.0,2,0,0.0289,0,0.0287,0,1,1,1,0,2225
18,embB,306,M,V,M306V,0.5619,0.9817,0.5724,-0.1401,0.5249,1.0,1,0,0.1411,0,0.4523,0,1,1,1,0,1230
19,embB,306,M,I,M306I,0.561,0.9817,0.5714,-0.1525,0.5315,1.0,1,0,0.024,0,0.4772,0,1,1,1,0,1116
20,gyrA,126,A,T,A126T,0.5559,0.9128,0.609,-0.3349,0.7966,1.0,0,0,0.2328,1,0.5698,0,1,0,0,4,0
21,pncA,12,D,G,D12G,0.551,0.8769,0.6284,-0.69,1.1352,1.0,-1,1,0.4595,1,1.2578,0,1,1,1,0,2
22,gyrA,90,A,V,A90V,0.5509,0.979,0.5628,-0.2946,0.6129,1.0,0,0,0.3643,0,0.5893,0,1,1,1,0,534
23,rpoB,450,S,P,S450P,0.5301,0.9847,0.5383,-0.2789,0.5199,1.0,-1,0,0.2521,1,0.2356,0,1,1,0,4,0
24,pncA,20,A,V,A20V,0.5299,0.9416,0.5628,-0.2946,0.6129,1.0,0,0,0.3643,0,0.5893,0,1,0,0,4,0
25,pncA,8,D,G,D8G,0.5274,0.8393,0.6284,-0.69,1.1352,1.0,-1,1,0.4595,1,1.2578,0,1,0,0,3,7
26,pncA,4,L,S,L4S,0.5273,0.8826,0.5974,-0.8023,1.1201,1.0,-2,0,0.4671,1,1.0601,0,1,1,1,0,16
27,rpsL,88,K,E,K88E,0.5225,0.9834,0.5314,-0.8112,0.909,1.0,-4,2,0.1786,0,1.1336,0,1,1,0,4,0
28,rpsL,43,K,E,K43E,0.5217,0.9818,0.5314,-0.8112,0.909,1.0,-4,2,0.1786,0,1.1336,0,1,1,0,4,0
29,gyrA,111,D,N,D111N,0.5216,0.9006,0.5791,-0.0428,0.4719,1.0,1,1,0.0263,0,0.4579,0,1,0,0,4,0
30,rpoB,450,S,L,S450L,0.5159,0.9847,0.5239,-0.8023,0.8774,1.0,-2,0,0.4671,1,1.0601,0,1,1,1,0,3082
31,rpoB,445,H,R,H445R,0.5143,0.9848,0.5223,-0.1473,0.3652,1.0,0,0,0.1156,0,0.2947,0,1,1,0,1,33
32,gyrA,126,A,V,A126V,0.5137,0.9128,0.5628,-0.2946,0.6129,1.0,0,0,0.3643,0,0.5893,0,1,0,0,4,0
33,pncA,12,D,N,D12N,0.5078,0.8769,0.5791,-0.0428,0.4719,1.0,1,1,0.0263,0,0.4579,0,1,1,0,3,5
34,rpoB,491,I,V,I491V,0.4885,0.8515,0.5737,0.2791,0.205,1.0,3,0,0.1617,0,-0.0415,39,1,1,0,2,3
35,pncA,8,D,N,D8N,0.4861,0.8393,0.5791,-0.0428,0.4719,1.0,1,1,0.0263,0,0.4579,0,1,0,0,3,20
36,embB,299,D,G,D299G,0.4859,0.7733,0.6284,-0.69,1.1352,1.0,-1,1,0.4595,1,1.2578,0,1,0,0,4,0
37,embB,445,Q,R,Q445R,0.4822,0.8176,0.5897,-0.1649,0.6013,1.0,1,1,0.1734,0,0.702,0,1,0,0,1,56
38,pncA,79,A,T,A79T,0.4813,0.7903,0.609,-0.3349,0.7966,1.0,0,0,0.2328,1,0.5698,0,1,0,0,4,0
39,pncA,57,H,Y,H57Y,0.48,0.7834,0.6127,-0.1489,0.6648,1.0,2,1,0.2073,0,0.8422,0,1,0,0,3,7
40,pncA,125,V,I,V125I,0.4772,0.8074,0.5911,0.2791,0.2623,1.0,3,0,0.1617,0,-0.0415,0,1,1,0,4,0
41,rpoB,435,D,G,D435G,0.477,0.8532,0.5591,-0.69,0.9067,1.0,-1,1,0.4595,1,1.2578,0,1,1,0,1,61
42,gyrB,538,Q,R,Q538R,0.4724,0.8011,0.5897,-0.1649,0.6013,1.0,1,1,0.1734,0,0.702,0,1,1,0,2,1
43,rpoB,170,V,I,V170I,0.4717,0.8275,0.57,0.2791,0.1929,1.0,3,0,0.1617,0,-0.0415,256,1,1,0,4,0
44,rpoB,435,D,N,D435N,0.4695,0.8532,0.5503,-0.0428,0.3769,1.0,1,1,0.0263,0,0.4579,0,1,1,0,4,0
45,gyrA,88,G,D,G88D,0.462,0.7352,0.6284,-0.69,1.1352,1.0,-1,1,0.4595,1,1.2578,0,1,0,0,4,0
46,rpoB,491,I,T,I491T,0.4594,0.8515,0.5395,-0.7269,0.8707,1.0,-1,0,0.3054,1,1.1316,39,1,1,0,2,2
47,embB,297,S,L,S297L,0.4586,0.7676,0.5974,-0.8023,1.1201,1.0,-2,0,0.4671,1,1.0601,0,1,0,0,4,0
48,katG,284,V,I,V284I,0.4547,0.7692,0.5911,0.2791,0.2623,1.0,3,0,0.1617,0,-0.0415,0,1,0,0,4,0
49,pncA,125,V,A,V125A,0.4544,0.8074,0.5628,-0.2946,0.6129,1.0,0,0,0.3643,0,0.5893,0,1,1,0,4,0
50,embB,510,A,T,A510T,0.4542,0.7458,0.609,-0.3349,0.7966,1.0,0,0,0.2328,1,0.5698,0,1,0,0,4,0
51,embB,304,L,P,L304P,0.4528,0.8487,0.5335,-0.9164,0.9975,1.0,-3,0,0.2874,0,1.1662,0,1,0,0,4,0
52,embB,299,D,N,D299N,0.4478,0.7733,0.5791,-0.0428,0.4719,1.0,1,1,0.0263,0,0.4579,0,1,0,0,4,0
53,rpoB,430,L,P,L430P,0.4469,0.9769,0.4575,-0.9164,0.7468,1.0,-3,0,0.2874,0,1.1662,0,1,1,1,0,125
54,embB,297,S,P,S297P,0.4466,0.7676,0.5819,-0.2789,0.6638,1.0,-1,0,0.2521,1,0.2356,0,1,0,0,4,0
55,pncA,79,A,V,A79V,0.4448,0.7903,0.5628,-0.2946,0.6129,1.0,0,0,0.3643,0,0.5893,0,1,0,0,4,0
56,gyrA,94,D,V,D94V,0.4421,0.9824,0.45,-1.0,1.6114,0.4,-3,1,0.2071,1,2.1021,0,0,1,0,2,1
57,pncA,67,S,L,S67L,0.44,0.7364,0.5974,-0.8023,1.1201,1.0,-2,0,0.4671,1,1.0601,0,1,0,0,3,1
58,gyrA,88,G,S,G88S,0.4389,0.7352,0.597,-0.1389,0.6052,1.0,0,0,0.3258,1,0.1778,0,1,0,0,4,0
59,gyrA,77,V,I,V77I,0.4348,0.7356,0.5911,0.2791,0.2623,1.0,3,0,0.1617,0,-0.0415,0,1,0,0,4,0
60,katG,298,L,S,L298S,0.4337,0.726,0.5974,-0.8023,1.1201,1.0,-2,0,0.4671,1,1.0601,0,1,0,0,2,3
61,katG,284,V,A,V284A,0.4329,0.7692,0.5628,-0.2946,0.6129,1.0,0,0,0.3643,0,0.5893,0,1,0,0,4,0
62,gyrA,150,V,I,V150I,0.4314,0.7298,0.5911,0.2791,0.2623,1.0,3,0,0.1617,0,-0.0415,0,1,0,0,4,0
63,pncA,57,H,R,H57R,0.43,0.7834,0.5489,-0.1473,0.4531,1.0,0,0,0.1156,0,0.2947,0,1,0,0,3,19
64,pncA,67,S,P,S67P,0.4285,0.7364,0.5819,-0.2789,0.6638,1.0,-1,0,0.2521,1,0.2356,0,1,0,0,3,25
65,embB,502,V,M,V502M,0.4263,0.7449,0.5724,-0.1401,0.5249,1.0,1,0,0.1411,0,0.4523,0,1,0,0,4,0
66,rpoB,170,V,A,V170A,0.425,0.8275,0.5136,-0.2946,0.4507,1.0,0,0,0.3643,0,0.5893,256,1,1,0,1,6
67,gyrA,97,V,M,V97M,0.4239,0.7406,0.5724,-0.1401,0.5249,1.0,1,0,0.1411,0,0.4523,0,1,0,0,4,0
68,embB,510,A,V,A510V,0.4197,0.7458,0.5628,-0.2946,0.6129,1.0,0,0,0.3643,0,0.5893,0,1,0,0,4,0
69,embB,502,V,A,V502A,0.4192,0.7449,0.5628,-0.2946,0.6129,1.0,0,0,0.3643,0,0.5893,0,1,0,0,4,0
70,gyrA,97,V,A,V97A,0.4168,0.7406,0.5628,-0.2946,0.6129,1.0,0,0,0.3643,0,0.5893,0,1,0,0,4,0
71,embB,355,L,P,L355P,0.4141,0.7762,0.5335,-0.9164,0.9975,1.0,-3,0,0.2874,0,1.1662,0,1,0,0,4,0
72,gyrA,77,V,A,V77A,0.414,0.7356,0.5628,-0.2946,0.6129,1.0,0,0,0.3643,0,0.5893,0,1,0,0,4,0
73,gyrA,150,V,A,V150A,0.4107,0.7298,0.5628,-0.2946,0.6129,1.0,0,0,0.3643,0,0.5893,0,1,0,0,4,0
74,gyrA,142,L,P,L142P,0.4101,0.7687,0.5335,-0.9164,0.9975,1.0,-3,0,0.2874,0,1.1662,0,1,0,0,4,0
75,rpoB,432,Q,R,Q432R,0.406,0.7237,0.561,-0.1649,0.5067,1.0,1,1,0.1734,0,0.702,0,1,0,0,4,0
76,gyrA,111,D,V,D111V,0.4053,0.9006,0.45,-1.0,1.6114,0.4,-3,1,0.2071,1,2.1021,0,0,0,0,4,0
77,rpsL,24,L,P,L24P,0.4025,0.7545,0.5335,-0.9164,0.9975,1.0,-3,0,0.2874,0,1.1662,0,1,0,0,4,0
78,rpoB,441,S,P,S441P,0.3968,0.8066,0.492,-0.2789,0.3673,1.0,-1,0,0.2521,1,0.2356,0,1,0,0,4,0
79,pncA,12,D,V,D12V,0.3946,0.8769,0.45,-1.0,1.6114,0.4,-3,1,0.2071,1,2.1021,0,0,1,0,4,0
80,rpoB,452,L,P,L452P,0.3885,0.8695,0.4468,-0.9164,0.7115,1.0,-3,0,0.2874,0,1.1662,0,1,1,1,0,129
81,embB,413,L,P,L413P,0.3878,0.727,0.5335,-0.9164,0.9975,1.0,-3,0,0.2874,0,1.1662,0,1,0,0,4,0
82,embB,402,L,P,L402P,0.3871,0.7256,0.5335,-0.9164,0.9975,1.0,-3,0,0.2874,0,1.1662,0,1,0,0,4,0
83,rpoB,436,Q,R,Q436R,0.3837,0.7328,0.5236,-0.1649,0.3833,1.0,1,1,0.1734,0,0.702,0,1,0,0,4,0
84,embB,306,M,R,M306R,0.3836,0.9817,0.3908,-0.9598,1.3849,0.4,-1,1,0.0578,1,1.7973,0,0,1,0,4,0
85,gyrA,90,A,E,A90E,0.3826,0.979,0.3908,-0.8944,1.3343,0.4,-1,1,0.3551,1,1.6665,0,0,1,0,2,1
86,embB,304,L,R,L304R,0.3799,0.8487,0.4476,-1.0,1.6036,0.4,-2,1,0.0347,1,2.1704,0,0,0,0,4,0
87,rpsL,88,K,M,K88M,0.3795,0.9834,0.3859,-0.8956,1.3193,0.4,-1,1,0.0298,1,1.6689,0,0,1,0,3,13
89,embB,306,M,K,M306K,0.3789,0.9817,0.3859,-0.8956,1.3193,0.4,-1,1,0.0298,1,1.6689,0,0,1,0,4,0
88,rpsL,43,K,M,K43M,0.3789,0.9818,0.3859,-0.8956,1.3193,0.4,-1,1,0.0298,1,1.6689,0,0,1,0,4,0
90,pncA,8,D,V,D8V,0.3777,0.8393,0.45,-1.0,1.6114,0.4,-3,1,0.2071,1,2.1021,0,0,0,0,4,0
91,pncA,20,A,E,A20E,0.368,0.9416,0.3908,-0.8944,1.3343,0.4,-1,1,0.3551,1,1.6665,0,0,0,0,4,0
92,embB,406,G,R,G406R,0.3677,0.9826,0.3742,-0.9302,1.3073,0.4,-2,1,0.6532,1,1.516,0,0,1,0,4,0
93,gyrA,94,D,A,D94A,0.3643,0.9824,0.3708,-0.982,1.3363,0.4,-2,1,0.1982,1,1.6195,0,0,1,0,1,147
94,pncA,125,V,D,V125D,0.3633,0.8074,0.45,-1.0,1.6114,0.4,-3,1,0.2071,1,2.1021,0,0,1,0,4,0
95,gyrA,91,S,A,S91A,0.3631,0.982,0.3697,-0.1989,0.7267,0.4,1,0,0.0,1,0.47,0,0,1,0,4,0
96,gyrA,90,A,S,A90S,0.362,0.979,0.3697,-0.1989,0.7267,0.4,1,0,0.0,1,0.47,0,0,1,0,4,0
97,rpoB,441,S,L,S441L,0.3596,0.8066,0.4458,-0.8023,0.6198,1.0,-2,0,0.4671,1,1.0601,0,1,0,0,1,10
98,pncA,10,Q,L,Q10L,0.3571,0.983,0.3633,-1.0,1.3254,0.4,-2,0,0.1437,1,1.5031,0,0,1,0,4,0
99,gyrA,126,A,E,A126E,0.3567,0.9128,0.3908,-0.8944,1.3343,0.4,-1,1,0.3551,1,1.6665,0,0,0,0,4,0
100,embB,497,Q,L,Q497L,0.3565,0.9814,0.3633,-1.0,1.3254,0.4,-2,0,0.1437,1,1.5031,0,0,1,0,4,0
101,pncA,20,A,S,A20S,0.3481,0.9416,0.3697,-0.1989,0.7267,0.4,1,0,0.0,1,0.47,0,0,0,0,4,0
102,embB,299,D,V,D299V,0.348,0.7733,0.45,-1.0,1.6114,0.4,-3,1,0.2071,1,2.1021,0,0,0,0,4,0
103,embB,355,L,R,L355R,0.3474,0.7762,0.4476,-1.0,1.6036,0.4,-2,1,0.0347,1,2.1704,0,0,0,0,4,0
104,katG,315,S,I,S315I,0.3463,0.983,0.3522,-0.8723,1.1901,0.4,-2,0,0.4671,1,1.2001,0,0,1,1,0,7
105,katG,284,V,D,V284D,0.3461,0.7692,0.45,-1.0,1.6114,0.4,-3,1,0.2071,1,2.1021,0,0,0,0,4,0
106,gyrA,142,L,R,L142R,0.3441,0.7687,0.4476,-1.0,1.6036,0.4,-2,1,0.0347,1,2.1704,0,0,0,0,4,0
107,pncA,10,Q,E,Q10E,0.3394,0.983,0.3453,0.067,0.4403,0.4,2,1,0.035,0,0.4105,0,0,1,0,4,0
108,embB,497,Q,E,Q497E,0.3389,0.9814,0.3453,0.067,0.4403,0.4,2,1,0.035,0,0.4105,0,0,1,0,2,1
109,rpsL,24,L,R,L24R,0.3377,0.7545,0.4476,-1.0,1.6036,0.4,-2,1,0.0347,1,2.1704,0,0,0,0,4,0
110,gyrA,126,A,S,A126S,0.3375,0.9128,0.3697,-0.1989,0.7267,0.4,1,0,0.0,1,0.47,0,0,0,0,2,1
111,embB,502,V,E,V502E,0.334,0.7449,0.4484,-1.0,1.6062,0.4,-4,1,0.0143,1,2.0443,0,0,0,0,4,0
112,gyrA,111,D,A,D111A,0.334,0.9006,0.3708,-0.982,1.3363,0.4,-2,1,0.1982,1,1.6195,0,0,0,0,4,0
113,gyrA,97,V,E,V97E,0.3321,0.7406,0.4484,-1.0,1.6062,0.4,-4,1,0.0143,1,2.0443,0,0,0,0,4,0
114,pncA,10,Q,P,Q10P,0.3315,0.983,0.3373,-0.3763,0.7569,0.4,-1,0,0.1678,1,0.4303,0,0,1,1,0,50
115,gyrA,77,V,D,V77D,0.331,0.7356,0.45,-1.0,1.6114,0.4,-3,1,0.2071,1,2.1021,0,0,0,0,4,0
116,embB,497,Q,P,Q497P,0.331,0.9814,0.3373,-0.3763,0.7569,0.4,-1,0,0.1678,1,0.4303,0,0,1,0,1,26
117,pncA,57,H,L,H57L,0.33,0.7834,0.4213,-1.0,1.5168,0.4,-3,1,0.0838,1,1.9251,0,0,0,0,3,6
118,rpsL,88,K,Q,K88Q,0.3294,0.9834,0.335,-0.1012,0.5364,0.4,1,1,0.1488,0,0.5746,0,0,1,0,3,5
119,pncA,10,Q,K,Q10K,0.3293,0.983,0.335,-0.1012,0.5364,0.4,1,1,0.1488,0,0.5746,0,0,1,0,3,1
120,rpsL,43,K,Q,K43Q,0.3289,0.9818,0.335,-0.1012,0.5364,0.4,1,1,0.1488,0,0.5746,0,0,1,0,4,0
121,embB,497,Q,K,Q497K,0.3287,0.9814,0.335,-0.1012,0.5364,0.4,1,1,0.1488,0,0.5746,0,0,1,0,1,71
122,katG,315,S,R,S315R,0.3286,0.983,0.3342,-0.7039,1.0004,0.4,-1,1,0.4855,0,1.3857,0,0,1,0,2,2
125,gyrA,150,V,D,V150D,0.3284,0.7298,0.45,-1.0,1.6114,0.4,-3,1,0.2071,1,2.1021,0,0,0,0,4,0
126,rpoB,445,H,L,H445L,0.3271,0.9848,0.3321,-1.0,1.2225,0.4,-3,1,0.0838,1,1.9251,0,0,1,0,1,76
127,embB,306,M,L,M306L,0.3265,0.9817,0.3326,0.0286,0.4281,0.4,2,0,0.024,0,0.2872,0,0,1,1,0,52
129,embB,413,L,R,L413R,0.3254,0.727,0.4476,-1.0,1.6036,0.4,-2,1,0.0347,1,2.1704,0,0,0,0,4,0
130,pncA,12,D,A,D12A,0.3252,0.8769,0.3708,-0.982,1.3363,0.4,-2,1,0.1982,1,1.6195,0,0,1,0,3,24
131,gyrA,94,D,H,D94H,0.3252,0.9824,0.331,-0.4823,0.8182,0.4,-1,2,0.2745,0,1.1424,0,0,1,0,1,44
132,embB,402,L,R,L402R,0.3248,0.7256,0.4476,-1.0,1.6036,0.4,-2,1,0.0347,1,2.1704,0,0,0,0,4,0
133,rpoB,449,L,P,L449P,0.3239,0.7885,0.4108,-0.9164,0.5925,1.0,-3,0,0.2874,0,1.1662,0,1,0,0,4,0
134,rpsL,88,K,T,K88T,0.3209,0.9834,0.3263,-0.6275,0.9152,0.4,-1,1,0.3095,0,1.2329,0,0,1,0,3,63
135,rpsL,43,K,T,K43T,0.3204,0.9818,0.3263,-0.6275,0.9152,0.4,-1,1,0.3095,0,1.2329,0,0,1,0,3,3
136,gyrA,94,D,E,D94E,0.3182,0.9824,0.3239,0.1929,0.2725,0.4,2,0,0.1957,0,-0.0413,0,0,1,0,4,0
139,rpsL,88,K,N,K88N,0.318,0.9834,0.3234,-0.2382,0.6043,0.4,0,1,0.3214,0,0.6764,0,0,1,0,4,0
140,rpoB,430,L,R,L430R,0.3179,0.9769,0.3255,-1.0,1.2006,0.4,-2,1,0.0347,1,2.1704,0,0,1,0,1,11
141,rpsL,43,K,N,K43N,0.3175,0.9818,0.3234,-0.2382,0.6043,0.4,0,1,0.3214,0,0.6764,0,0,1,0,4,0
143,rpoB,450,S,A,S450A,0.3171,0.9847,0.322,-0.1989,0.5692,0.4,1,0,0.0,1,0.47,0,0,1,0,2,1
146,pncA,8,D,A,D8A,0.3113,0.8393,0.3708,-0.982,1.3363,0.4,-2,1,0.1982,1,1.6195,0,0,0,0,3,3
148,pncA,10,Q,H,Q10H,0.3108,0.983,0.3162,-0.1898,0.5431,0.4,0,1,0.0654,0,0.5796,0,0,1,0,3,2
149,embB,497,Q,H,Q497H,0.3103,0.9814,0.3162,-0.1898,0.5431,0.4,0,1,0.0654,0,0.5796,0,0,1,0,2,7
151,pncA,79,A,E,A79E,0.3088,0.7903,0.3908,-0.8944,1.3343,0.4,-1,1,0.3551,1,1.6665,0,0,0,0,3,1
152,embB,304,L,Q,L304Q,0.3083,0.8487,0.3633,-1.0,1.3254,0.4,-2,0,0.1437,1,1.5031,0,0,0,0,4,0
153,embB,406,G,A,G406A,0.305,0.9826,0.3104,-0.2689,0.5852,0.4,0,0,0.3258,0,0.5378,0,0,1,1,0,190
154,katG,315,S,T,S315T,0.3044,0.983,0.3096,0.0662,0.3232,0.4,1,0,0.2328,0,0.0398,0,0,1,1,0,4683
155,gyrA,91,S,T,S91T,0.304,0.982,0.3096,0.0662,0.3232,0.4,1,0,0.2328,0,0.0398,0,0,1,0,4,0
156,gyrA,90,A,G,A90G,0.3039,0.979,0.3104,-0.2689,0.5852,0.4,0,0,0.3258,0,0.5378,0,0,1,0,4,0
157,pncA,4,L,W,L4W,0.3028,0.8826,0.3431,-0.7824,1.0902,0.4,-2,0,0.2675,1,1.0203,0,0,1,0,3,13
158,rpoB,445,H,N,H445N,0.3002,0.9848,0.3048,-0.1071,0.4414,0.4,1,1,0.2549,0,0.5865,0,0,1,0,2,56
159,rpoB,435,D,V,D435V,0.3,0.8532,0.3517,-1.0,1.287,0.4,-3,1,0.2071,1,2.1021,0,0,1,1,0,546
160,embB,406,G,C,G406C,0.2982,0.9826,0.3034,-0.8519,1.0132,0.4,-4,0,0.4495,1,0.7149,0,0,1,0,1,17
161,gyrA,111,D,H,D111H,0.2981,0.9006,0.331,-0.4823,0.8182,0.4,-1,2,0.2745,0,1.1424,0,0,0,0,4,0
162,embB,445,Q,L,Q445L,0.2971,0.8176,0.3633,-1.0,1.3254,0.4,-2,0,0.1437,1,1.5031,0,0,0,0,4,0
163,gyrA,90,A,P,A90P,0.2945,0.979,0.3008,-0.4889,0.7238,0.4,-1,0,0.2521,0,0.7556,0,0,1,0,4,0
164,pncA,4,L,M,L4M,0.2935,0.8826,0.3326,0.0286,0.4281,0.4,2,0,0.024,0,0.2872,0,0,1,0,4,0
165,rpoB,430,L,M,L430M,0.293,0.9769,0.3,0.0286,0.3205,0.4,2,0,0.024,0,0.2872,0,0,1,0,4,0
166,pncA,20,A,G,A20G,0.2923,0.9416,0.3104,-0.2689,0.5852,0.4,0,0,0.3258,0,0.5378,0,0,0,0,4,0
167,pncA,79,A,S,A79S,0.2922,0.7903,0.3697,-0.1989,0.7267,0.4,1,0,0.0,1,0.47,0,0,0,0,4,0
168,gyrA,111,D,E,D111E,0.2917,0.9006,0.3239,0.1929,0.2725,0.4,2,0,0.1957,0,-0.0413,0,0,0,0,4,0
170,gyrB,538,Q,L,Q538L,0.2911,0.8011,0.3633,-1.0,1.3254,0.4,-2,0,0.1437,1,1.5031,0,0,1,0,4,0
171,pncA,12,D,H,D12H,0.2903,0.8769,0.331,-0.4823,0.8182,0.4,-1,2,0.2745,0,1.1424,0,0,1,0,4,0
172,embB,299,D,A,D299A,0.2868,0.7733,0.3708,-0.982,1.3363,0.4,-2,1,0.1982,1,1.6195,0,0,0,0,4,0
173,gyrA,94,D,Y,D94Y,0.2854,0.9824,0.2905,-0.7671,0.905,0.4,-3,1,0.4249,0,1.0675,0,0,1,1,0,76
174,rpoB,445,H,P,H445P,0.2846,0.9848,0.289,-0.6156,0.7827,0.4,-2,1,0.2222,1,0.8867,0,0,1,0,1,4
175,pncA,12,D,E,D12E,0.2841,0.8769,0.3239,0.1929,0.2725,0.4,2,0,0.1957,0,-0.0413,0,0,1,0,4,0
177,rpoB,450,S,T,S450T,0.284,0.9847,0.2884,0.0662,0.2532,0.4,1,0,0.2328,0,0.0398,0,0,1,0,4,0
178,embB,297,S,A,S297A,0.2838,0.7676,0.3697,-0.1989,0.7267,0.4,1,0,0.0,1,0.47,0,0,0,0,2,28
179,gyrA,126,A,G,A126G,0.2834,0.9128,0.3104,-0.2689,0.5852,0.4,0,0,0.3258,0,0.5378,0,0,0,0,4,0
180,pncA,20,A,P,A20P,0.2833,0.9416,0.3008,-0.4889,0.7238,0.4,-1,0,0.2521,0,0.7556,0,0,0,0,4,0
181,embB,445,Q,E,Q445E,0.2823,0.8176,0.3453,0.067,0.4403,0.4,2,1,0.035,0,0.4105,0,0,0,0,4,0
182,embB,304,L,M,L304M,0.2823,0.8487,0.3326,0.0286,0.4281,0.4,2,0,0.024,0,0.2872,0,0,0,0,4,0
183,embB,355,L,Q,L355Q,0.282,0.7762,0.3633,-1.0,1.3254,0.4,-2,0,0.1437,1,1.5031,0,0,0,0,4,0
184,embB,406,G,V,G406V,0.2803,0.9826,0.2852,-0.879,0.9743,0.4,-3,0,0.5714,0,1.0914,0,0,1,0,2,1
185,rpoB,445,H,Q,H445Q,0.28,0.9848,0.2843,-0.1898,0.4377,0.4,0,1,0.0654,0,0.5796,0,0,1,0,1,10
187,gyrA,142,L,Q,L142Q,0.2793,0.7687,0.3633,-1.0,1.3254,0.4,-2,0,0.1437,1,1.5031,0,0,0,0,4,0
188,rpoB,445,H,D,H445D,0.2786,0.9848,0.2829,-0.4823,0.6595,0.4,-1,2,0.2745,0,1.1424,0,0,1,1,0,209
189,pncA,8,D,H,D8H,0.2778,0.8393,0.331,-0.4823,0.8182,0.4,-1,2,0.2745,0,1.1424,0,0,0,0,3,2
190,rpoB,430,L,V,L430V,0.2775,0.9769,0.284,0.0469,0.2538,0.4,1,0,0.1617,0,0.0785,0,0,1,0,4,0
191,gyrB,538,Q,E,Q538E,0.2766,0.8011,0.3453,0.067,0.4403,0.4,2,1,0.035,0,0.4105,0,0,1,0,4,0
192,embB,510,A,D,A510D,0.2766,0.7458,0.3708,-0.982,1.3363,0.4,-2,1,0.1982,1,1.6195,0,0,0,0,4,0
193,embB,445,Q,P,Q445P,0.2758,0.8176,0.3373,-0.3763,0.7569,0.4,-1,0,0.1678,1,0.4303,0,0,0,0,4,0
194,embB,510,A,S,A510S,0.2758,0.7458,0.3697,-0.1989,0.7267,0.4,1,0,0.0,1,0.47,0,0,0,0,4,0
195,gyrA,88,G,R,G88R,0.2751,0.7352,0.3742,-0.9302,1.3073,0.4,-2,1,0.6532,1,1.516,0,0,0,0,4,0
196,gyrA,126,A,P,A126P,0.2746,0.9128,0.3008,-0.4889,0.7238,0.4,-1,0,0.2521,0,0.7556,0,0,0,0,4,0
197,rpsL,24,L,Q,L24Q,0.2741,0.7545,0.3633,-1.0,1.3254,0.4,-2,0,0.1437,1,1.5031,0,0,0,0,4,0
198,embB,445,Q,K,Q445K,0.2739,0.8176,0.335,-0.1012,0.5364,0.4,1,1,0.1488,0,0.5746,0,0,0,0,4,0
199,pncA,4,L,V,L4V,0.2735,0.8826,0.3099,0.0469,0.339,0.4,1,0,0.1617,0,0.0785,0,0,1,0,4,0
200,pncA,67,S,A,S67A,0.2723,0.7364,0.3697,-0.1989,0.7267,0.4,1,0,0.0,1,0.47,0,0,0,0,4,0
201,pncA,8,D,E,D8E,0.2719,0.8393,0.3239,0.1929,0.2725,0.4,2,0,0.1957,0,-0.0413,0,0,0,0,3,6
203,pncA,57,H,P,H57P,0.2711,0.7834,0.3461,-0.6156,0.9711,0.4,-2,1,0.2222,1,0.8867,0,0,0,0,3,7
204,gyrB,538,Q,P,Q538P,0.2702,0.8011,0.3373,-0.3763,0.7569,0.4,-1,0,0.1678,1,0.4303,0,0,1,0,4,0
205,gyrB,538,Q,K,Q538K,0.2684,0.8011,0.335,-0.1012,0.5364,0.4,1,1,0.1488,0,0.5746,0,0,1,0,4,0
206,rpoB,452,L,R,L452R,0.2681,0.8695,0.3083,-1.0,1.1439,0.4,-2,1,0.0347,1,2.1704,0,0,1,0,4,0
207,rpoB,170,V,D,V170D,0.2654,0.8275,0.3207,-1.0,1.1849,0.4,-3,1,0.2071,1,2.1021,256,0,1,0,4,0
208,rpoB,440,L,P,L440P,0.265,0.7697,0.3442,-0.9164,0.3731,1.0,-3,0,0.2874,0,1.1662,0,1,0,0,4,0
209,embB,413,L,Q,L413Q,0.2641,0.727,0.3633,-1.0,1.3254,0.4,-2,0,0.1437,1,1.5031,0,0,0,0,4,0
210,pncA,57,H,N,H57N,0.264,0.7834,0.337,-0.1071,0.5476,0.4,1,1,0.2549,0,0.5865,0,0,0,0,4,0
211,embB,402,L,Q,L402Q,0.2636,0.7256,0.3633,-1.0,1.3254,0.4,-2,0,0.1437,1,1.5031,0,0,0,0,4,0
212,embB,304,L,V,L304V,0.263,0.8487,0.3099,0.0469,0.339,0.4,1,0,0.1617,0,0.0785,0,0,0,0,4,0
213,rpoB,491,I,N,I491N,0.2624,0.8515,0.3082,-1.0,1.1435,0.4,-3,0,0.3174,1,1.6952,39,0,1,0,4,0
214,rpoB,435,D,E,D435E,0.2622,0.8532,0.3073,0.1929,0.2176,0.4,2,0,0.1957,0,-0.0413,0,0,1,0,2,2
216,pncA,4,L,F,L4F,0.2621,0.8826,0.297,-0.1182,0.4242,0.4,0,0,0.1211,0,0.2363,0,0,1,0,4,0
218,gyrA,111,D,Y,D111Y,0.2616,0.9006,0.2905,-0.7671,0.905,0.4,-3,1,0.4249,0,1.0675,0,0,0,0,4,0
219,pncA,57,H,D,H57D,0.2593,0.7834,0.331,-0.4823,0.8182,0.4,-1,2,0.2745,0,1.1424,0,0,0,0,3,17
220,rpoB,491,I,L,I491L,0.2586,0.8515,0.3037,0.1522,0.237,0.4,2,0,0.0,0,0.04,39,0,1,0,1,20
221,embB,445,Q,H,Q445H,0.2585,0.8176,0.3162,-0.1898,0.5431,0.4,0,1,0.0654,0,0.5796,0,0,0,0,4,0
223,embB,355,L,M,L355M,0.2582,0.7762,0.3326,0.0286,0.4281,0.4,2,0,0.024,0,0.2872,0,0,0,0,4,0
224,rpoB,452,L,M,L452M,0.2568,0.8695,0.2954,0.0286,0.3054,0.4,2,0,0.024,0,0.2872,0,0,1,0,4,0
225,rpoB,430,L,Q,L430Q,0.2563,0.9769,0.2623,-1.0,0.9923,0.4,-2,0,0.1437,1,1.5031,0,0,1,0,4,0
226,embB,299,D,H,D299H,0.256,0.7733,0.331,-0.4823,0.8182,0.4,-1,2,0.2745,0,1.1424,0,0,0,0,4,0
227,gyrA,142,L,M,L142M,0.2557,0.7687,0.3326,0.0286,0.4281,0.4,2,0,0.024,0,0.2872,0,0,0,0,4,0
228,pncA,12,D,Y,D12Y,0.2548,0.8769,0.2905,-0.7671,0.905,0.4,-3,1,0.4249,0,1.0675,0,0,1,0,3,1
229,gyrB,538,Q,H,Q538H,0.2533,0.8011,0.3162,-0.1898,0.5431,0.4,0,1,0.0654,0,0.5796,0,0,1,0,4,0
231,rpsL,24,L,M,L24M,0.2509,0.7545,0.3326,0.0286,0.4281,0.4,2,0,0.024,0,0.2872,0,0,0,0,4,0
232,gyrA,91,S,W,S91W,0.2508,0.982,0.2554,-0.4348,0.5319,0.4,-3,0,0.6096,0,0.2029,0,0,1,0,4,0
233,embB,299,D,E,D299E,0.2505,0.7733,0.3239,0.1929,0.2725,0.4,2,0,0.1957,0,-0.0413,0,0,0,0,4,0
235,pncA,125,V,L,V125L,0.2502,0.8074,0.3099,0.0469,0.339,0.4,1,0,0.1617,0,0.0785,0,0,1,0,4,0
236,katG,298,L,W,L298W,0.2491,0.726,0.3431,-0.7824,1.0902,0.4,-2,0,0.2675,1,1.0203,0,0,0,0,4,0
238,pncA,57,H,Q,H57Q,0.2477,0.7834,0.3162,-0.1898,0.5431,0.4,0,1,0.0654,0,0.5796,0,0,0,0,3,4
239,rpoB,435,D,A,D435A,0.2468,0.8532,0.2893,-0.982,1.0673,0.4,-2,1,0.1982,1,1.6195,0,0,1,0,2,5
240,katG,315,S,C,S315C,0.2463,0.983,0.2505,-0.802,0.8,0.4,-4,0,0.1835,0,0.715,0,0,1,0,4,0
241,pncA,79,A,G,A79G,0.2453,0.7903,0.3104,-0.2689,0.5852,0.4,0,0,0.3258,0,0.5378,0,0,0,0,4,0
242,pncA,8,D,Y,D8Y,0.2438,0.8393,0.2905,-0.7671,0.905,0.4,-3,1,0.4249,0,1.0675,0,0,0,0,4,0
243,rpoB,452,L,V,L452V,0.2438,0.8695,0.2804,0.0469,0.2418,0.4,1,0,0.1617,0,0.0785,0,0,1,0,2,1
244,rpoB,491,I,M,I491M,0.2437,0.8515,0.2862,-0.1525,0.4152,0.4,1,0,0.024,0,0.4772,39,0,1,0,2,9
245,embB,413,L,M,L413M,0.2418,0.727,0.3326,0.0286,0.4281,0.4,2,0,0.024,0,0.2872,0,0,0,0,4,0
246,katG,298,L,M,L298M,0.2415,0.726,0.3326,0.0286,0.4281,0.4,2,0,0.024,0,0.2872,0,0,0,0,4,0
247,embB,402,L,M,L402M,0.2413,0.7256,0.3326,0.0286,0.4281,0.4,2,0,0.024,0,0.2872,0,0,0,0,4,0
248,embB,355,L,V,L355V,0.2405,0.7762,0.3099,0.0469,0.339,0.4,1,0,0.1617,0,0.0785,0,0,0,0,4,0
249,rpoB,435,D,H,D435H,0.2398,0.8532,0.2811,-0.4823,0.6535,0.4,-1,2,0.2745,0,1.1424,0,0,1,0,2,1
250,katG,284,V,L,V284L,0.2383,0.7692,0.3099,0.0469,0.339,0.4,1,0,0.1617,0,0.0785,0,0,0,0,4,0
251,gyrA,142,L,V,L142V,0.2382,0.7687,0.3099,0.0469,0.339,0.4,1,0,0.1617,0,0.0785,0,0,0,0,2,3
252,pncA,79,A,P,A79P,0.2377,0.7903,0.3008,-0.4889,0.7238,0.4,-1,0,0.2521,0,0.7556,0,0,0,0,4,0
253,embB,297,S,T,S297T,0.2376,0.7676,0.3096,0.0662,0.3232,0.4,1,0,0.2328,0,0.0398,0,0,0,0,4,0
254,rpoB,432,Q,E,Q432E,0.2347,0.7237,0.3243,0.067,0.371,0.4,2,1,0.035,0,0.4105,0,0,0,0,2,1
255,rpoB,170,V,L,V170L,0.2339,0.8275,0.2827,0.0469,0.2493,0.4,1,0,0.1617,0,0.0785,256,0,1,0,4,0
256,rpsL,24,L,V,L24V,0.2338,0.7545,0.3099,0.0469,0.339,0.4,1,0,0.1617,0,0.0785,0,0,0,0,4,0
257,rpoB,491,I,S,I491S,0.2328,0.8515,0.2734,-0.8723,0.9298,0.4,-2,0,0.4671,1,1.2001,39,0,1,0,2,1
258,pncA,125,V,F,V125F,0.232,0.8074,0.2874,-0.2906,0.526,0.4,-1,0,0.2632,0,0.3589,0,0,1,0,3,11
259,embB,510,A,G,A510G,0.2315,0.7458,0.3104,-0.2689,0.5852,0.4,0,0,0.3258,0,0.5378,0,0,0,0,4,0
260,embB,502,V,L,V502L,0.2308,0.7449,0.3099,0.0469,0.339,0.4,1,0,0.1617,0,0.0785,0,0,0,0,4,0
262,pncA,125,V,G,V125G,0.2303,0.8074,0.2852,-0.879,0.9743,0.4,-3,0,0.5714,0,1.0914,0,0,1,1,0,1
263,gyrA,97,V,L,V97L,0.2295,0.7406,0.3099,0.0469,0.339,0.4,1,0,0.1617,0,0.0785,0,0,0,0,4,0
265,rpoB,491,I,F,I491F,0.2291,0.8515,0.269,-0.1882,0.3861,0.4,0,0,0.1211,0,0.3763,39,0,1,1,0,60
266,gyrA,88,G,A,G88A,0.2282,0.7352,0.3104,-0.2689,0.5852,0.4,0,0,0.3258,0,0.5378,0,0,0,0,2,8
267,pncA,67,S,T,S67T,0.228,0.7364,0.3096,0.0662,0.3232,0.4,1,0,0.2328,0,0.0398,0,0,0,0,4,0
268,gyrA,77,V,L,V77L,0.2279,0.7356,0.3099,0.0469,0.339,0.4,1,0,0.1617,0,0.0785,0,0,0,0,4,0
269,gyrA,150,V,L,V150L,0.2261,0.7298,0.3099,0.0469,0.339,0.4,1,0,0.1617,0,0.0785,0,0,0,0,4,0
270,embB,413,L,V,L413V,0.2253,0.727,0.3099,0.0469,0.339,0.4,1,0,0.1617,0,0.0785,0,0,0,0,4,0
271,katG,298,L,V,L298V,0.225,0.726,0.3099,0.0469,0.339,0.4,1,0,0.1617,0,0.0785,0,0,0,0,4,0
272,embB,402,L,V,L402V,0.2248,0.7256,0.3099,0.0469,0.339,0.4,1,0,0.1617,0,0.0785,0,0,0,0,2,5
273,embB,299,D,Y,D299Y,0.2246,0.7733,0.2905,-0.7671,0.905,0.4,-3,1,0.4249,0,1.0675,0,0,0,0,4,0
274,embB,510,A,P,A510P,0.2244,0.7458,0.3008,-0.4889,0.7238,0.4,-1,0,0.2521,0,0.7556,0,0,0,0,4,0
275,rpoB,432,Q,K,Q432K,0.2239,0.7237,0.3094,-0.1012,0.452,0.4,1,1,0.1488,0,0.5746,0,0,0,0,1,14
276,gyrA,88,G,C,G88C,0.2231,0.7352,0.3034,-0.8519,1.0132,0.4,-4,0,0.4495,1,0.7149,0,0,0,0,1,24
277,katG,284,V,F,V284F,0.221,0.7692,0.2874,-0.2906,0.526,0.4,-1,0,0.2632,0,0.3589,0,0,0,0,4,0
278,rpoB,449,L,M,L449M,0.2207,0.7885,0.2799,0.0286,0.2543,0.4,2,0,0.024,0,0.2872,0,0,0,0,1,9
279,katG,284,V,G,V284G,0.2194,0.7692,0.2852,-0.879,0.9743,0.4,-3,0,0.5714,0,1.0914,0,0,0,0,4,0
280,rpoB,441,S,A,S441A,0.2189,0.8066,0.2713,-0.1989,0.4021,0.4,1,0,0.0,1,0.47,0,0,0,0,2,1
281,rpoB,432,Q,P,Q432P,0.218,0.7237,0.3012,-0.3763,0.6378,0.4,-1,0,0.1678,1,0.4303,0,0,0,0,1,17
282,rpoB,436,Q,E,Q436E,0.2175,0.7328,0.2969,0.067,0.2806,0.4,2,1,0.035,0,0.4105,0,0,0,0,4,0
283,rpoB,432,Q,L,Q432L,0.2172,0.7237,0.3001,-1.0,1.1169,0.4,-2,0,0.1437,1,1.5031,0,0,0,0,1,14
284,rpoB,450,S,W,S450W,0.2171,0.9847,0.2204,-0.4348,0.4167,0.4,-3,0,0.6096,0,0.2029,0,0,1,1,0,59
285,rpoB,452,L,Q,L452Q,0.2158,0.8695,0.2481,-1.0,0.9455,0.4,-2,0,0.1437,1,1.5031,0,0,1,0,2,1
287,katG,298,L,F,L298F,0.2156,0.726,0.297,-0.1182,0.4242,0.4,0,0,0.1211,0,0.2363,0,0,0,0,2,1
288,rpoB,441,S,T,S441T,0.2144,0.8066,0.2658,0.0662,0.1788,0.4,1,0,0.2328,0,0.0398,0,0,0,0,4,0
289,embB,502,V,G,V502G,0.2125,0.7449,0.2852,-0.879,0.9743,0.4,-3,0,0.5714,0,1.0914,0,0,0,0,4,0
290,rpoB,449,L,V,L449V,0.2114,0.7885,0.2681,0.0469,0.2014,0.4,1,0,0.1617,0,0.0785,0,0,0,0,4,0
291,gyrA,77,V,F,V77F,0.2114,0.7356,0.2874,-0.2906,0.526,0.4,-1,0,0.2632,0,0.3589,0,0,0,0,4,0
292,gyrA,97,V,G,V97G,0.2113,0.7406,0.2852,-0.879,0.9743,0.4,-3,0,0.5714,0,1.0914,0,0,0,0,4,0
293,rpoB,432,Q,H,Q432H,0.2101,0.7237,0.2903,-0.1898,0.4576,0.4,0,1,0.0654,0,0.5796,0,0,0,0,1,4
295,gyrA,77,V,G,V77G,0.2098,0.7356,0.2852,-0.879,0.9743,0.4,-3,0,0.5714,0,1.0914,0,0,0,0,4,0
297,gyrA,150,V,F,V150F,0.2097,0.7298,0.2874,-0.2906,0.526,0.4,-1,0,0.2632,0,0.3589,0,0,0,0,4,0
296,gyrA,88,G,V,G88V,0.2097,0.7352,0.2852,-0.879,0.9743,0.4,-3,0,0.5714,0,1.0914,0,0,0,0,4,0
298,gyrA,150,V,G,V150G,0.2082,0.7298,0.2852,-0.879,0.9743,0.4,-3,0,0.5714,0,1.0914,0,0,0,0,4,0
299,rpoB,170,V,F,V170F,0.2029,0.8275,0.2452,-0.2906,0.3868,0.4,-1,0,0.2632,0,0.3589,256,0,1,1,0,27
300,rpoB,436,Q,K,Q436K,0.2022,0.7328,0.276,-0.1012,0.3419,0.4,1,1,0.1488,0,0.5746,0,0,0,0,4,0
301,rpoB,435,D,Y,D435Y,0.2007,0.8532,0.2353,-0.7671,0.7228,0.4,-3,1,0.4249,0,1.0675,0,0,1,1,0,137
302,rpoB,449,L,R,L449R,0.1974,0.7885,0.2503,-1.0,0.9525,0.4,-2,1,0.0347,1,2.1704,0,0,0,0,4,0
303,embB,297,S,W,S297W,0.196,0.7676,0.2554,-0.4348,0.5319,0.4,-3,0,0.6096,0,0.2029,0,0,0,0,4,0
304,rpoB,440,L,M,L440M,0.1935,0.7697,0.2514,0.0286,0.1601,0.4,2,0,0.024,0,0.2872,0,0,0,0,4,0
305,rpoB,440,L,V,L440V,0.189,0.7697,0.2455,0.0469,0.1268,0.4,1,0,0.1617,0,0.0785,0,0,0,0,4,0
306,pncA,67,S,W,S67W,0.1881,0.7364,0.2554,-0.4348,0.5319,0.4,-3,0,0.6096,0,0.2029,0,0,0,0,3,1
307,rpoB,436,Q,H,Q436H,0.188,0.7328,0.2565,-0.1898,0.3461,0.4,0,1,0.0654,0,0.5796,0,0,0,0,4,0
309,rpoB,436,Q,P,Q436P,0.1862,0.7328,0.2541,-0.3763,0.4824,0.4,-1,0,0.1678,1,0.4303,0,0,0,0,2,1
310,rpoB,170,V,G,V170G,0.1714,0.8275,0.2071,-0.879,0.7164,0.4,-3,0,0.5714,0,1.0914,256,0,1,0,4,0
311,rpoB,436,Q,L,Q436L,0.1595,0.7328,0.2176,-1.0,0.8447,0.4,-2,0,0.1437,1,1.5031,0,0,0,0,4,0
312,rpoB,449,L,Q,L449Q,0.1579,0.7885,0.2002,-1.0,0.7873,0.4,-2,0,0.1437,1,1.5031,0,0,0,0,4,0
313,rpoB,441,S,W,S441W,0.1479,0.8066,0.1834,-0.4348,0.2943,0.4,-3,0,0.6096,0,0.2029,0,0,0,0,2,1
314,rpoB,440,L,R,L440R,0.1103,0.7697,0.1434,-1.0,0.5997,0.4,-2,1,0.0347,1,2.1704,0,0,0,0,4,0
315,rpoB,440,L,Q,L440Q,0.0861,0.7697,0.1118,-1.0,0.4957,0.4,-2,0,0.1437,1,1.5031,0,0,0,0,4,0
